timestamp,states[0],states[1],states[2],states[3],states[4],states[5],states[6],states[7],states[8],states[9],states[10],states[11],states[12],states[13],states[14],states[15],states[16],states[17],states[18],states[19],states[20],states[21],states[22],states[23],n_states,vibe[0],vibe[1],vibe[2],covariances[0],covariances[1],covariances[2],covariances[3],covariances[4],covariances[5],covariances[6],covariances[7],covariances[8],covariances[9],covariances[10],covariances[11],covariances[12],covariances[13],covariances[14],covariances[15],covariances[16],covariances[17],covariances[18],covariances[19],covariances[20],covariances[21],covariances[22],covariances[23],control_mode_flags,pos_horiz_accuracy,pos_vert_accuracy,mag_test_ratio,vel_test_ratio,pos_test_ratio,hgt_test_ratio,tas_test_ratio,hagl_test_ratio,beta_test_ratio,time_slip,gps_check_fail_flags,filter_fault_flags,innovation_check_flags,solution_status_flags,nan_flags,health_flags,timeout_flags,pre_flt_fail
9601477,0.999407,-0.00219844,0.0220247,0.0263924,0.000568378,-0.00148771,-0.0208164,-0.000583888,-0.000301099,-0.0237227,1.12248e-05,6.36161e-06,-2.12043e-05,-1.73823e-05,-6.08625e-06,0.000496752,0.174587,-9.09273e-10,-0.320987,0.0,0.0,0.0,0.0,0.0,0.0,7.89474e-11,1.14623e-05,0.000582832,1.15162e-06,0.000117205,0.000116852,0.000761503,0.000485827,0.000477453,0.00400085,99.9999,99.9999,0.00131157,5.66548e-10,5.41838e-10,1.33549e-08,2.45367e-06,2.45826e-06,6.25099e-08,0.0,0.0,0.0,0.0,0.0,0.0,0.0,0.0,1051,14.1421,0.0362156,0.00128795,0.0,5.45485e-06,0.0486941,0.0,0.0166226,0.0,0.000236,0,0,0,367,0,0,0,0
9802395,0.999402,-0.00209801,0.0220366,0.0265731,-0.00048233,-0.00126093,-0.0283545,-0.00100257,-0.000446221,-0.0361311,1.08224e-05,6.04747e-06,-2.09166e-05,-1.82104e-05,-5.82008e-06,0.000509081,0.174587,-9.09273e-10,-0.320987,0.0,0.0,0.0,0.0,0.0,0.0,7.80536e-11,1.16114e-05,0.00056942,1.137e-06,0.000115607,0.000115259,0.0007524,0.000700917,0.000693026,0.00375897,99.9999,99.9999,0.00117914,4.98615e-10,4.75735e-10,1.23763e-08,2.45339e-06,2.45798e-06,5.97201e-08,0.0,0.0,0.0,0.0,0.0,0.0,0.0,0.0,1051,14.1421,0.0343386,0.00122205,0.0,5.45485e-06,0.0769173,0.0,0.0852286,0.0,0.000354,0,0,0,367,0,0,0,0
10006985,0.999395,-0.00216312,0.0220359,0.0268287,0.0011174,-0.00135721,-0.0216633,-0.00079281,-0.000630954,-0.0369624,1.08292e-05,6.22149e-06,-2.05937e-05,-1.76419e-05,-5.73169e-06,0.000501588,0.174587,-9.09273e-10,-0.320987,0.0,0.0,0.0,0.0,0.0,0.0,8.29097e-11,1.14945e-05,0.000536876,1.09635e-06,0.000114101,0.000113762,0.000721927,0.00082342,0.000815464,0.00382211,99.9999,99.9999,0.00122546,4.37902e-10,4.17067e-10,1.12118e-08,2.45321e-06,2.4578e-06,5.7625e-08,0.0,0.0,0.0,0.0,0.0,0.0,0.0,0.0,1051,14.1421,0.0350066,0.000636526,0.0,5.45485e-06,0.0779345,0.0,0.0809385,0.0,0.000144,0,0,0,367,0,0,0,0
10207818,0.999395,-0.0020604,0.0220875,0.0267743,4.15913e-05,-0.000473126,-0.00789917,-0.000365389,-0.000650781,-0.0304072,1.04804e-05,6.0209e-06,-1.93962e-05,-1.79204e-05,-4.15205e-06,0.000484494,0.174587,-9.09273e-10,-0.320987,0.0,0.0,0.0,0.0,0.0,0.0,8.06718e-11,1.16683e-05,0.000534257,1.08227e-06,0.000111968,0.000111634,0.000713442,0.000634385,0.000625848,0.00421042,99.9999,99.9999,0.00153481,3.7803e-10,3.5867e-10,1.04309e-08,2.4527e-06,2.45728e-06,5.63383e-08,0.0,0.0,0.0,0.0,0.0,0.0,0.0,0.0,1051,14.1421,0.0391766,0.0107556,0.0,5.45485e-06,0.0658213,0.0,0.00612854,0.0,0.000176,0,0,0,367,0,0,0,0
10408641,0.999397,-0.00211915,0.0219498,0.0268281,0.00274082,-0.0023099,-0.0043174,0.000563834,-0.00135081,-0.0295705,1.07362e-05,6.44662e-06,-1.87575e-05,-1.5655e-05,-6.11887e-06,0.000480285,0.174587,-9.09273e-10,-0.320987,0.0,0.0,0.0,0.0,0.0,0.0,8.40149e-11,1.19777e-05,0.000504922,1.03826e-06,0.000111269,0.000110949,0.00068347,0.000834513,0.000826695,0.00390105,99.9999,99.9999,0.00138785,3.46211e-10,3.28601e-10,9.49659e-09,2.4523e-06,2.45688e-06,5.39418e-08,0.0,0.0,0.0,0.0,0.0,0.0,0.0,0.0,1051,14.1421,0.0372538,0.00525362,0.0,5.45485e-06,0.0633564,0.0,0.0274851,0.0,0.000196,0,0,0,367,0,0,0,0
10702201,0.999394,-0.00213866,0.0218258,0.0270151,0.00277045,-0.00397377,-0.00506895,0.00161567,-0.00263516,-0.0342983,1.07366e-05,6.54124e-06,-1.8101e-05,-1.23244e-05,-9.91476e-06,0.000485263,0.174587,-9.09273e-10,-0.320987,0.0,0.0,0.0,0.0,0.0,0.0,8.35096e-11,1.21507e-05,0.000537602,1.004e-06,0.000110081,0.000109776,0.000658777,0.000901674,0.000894357,0.00380967,99.9998,99.9998,0.00128344,3.0123e-10,2.85636e-10,8.47792e-09,2.45185e-06,2.45642e-06,5.13557e-08,0.0,0.0,0.0,0.0,0.0,0.0,0.0,0.0,1051,14.1421,0.0358251,0.000205534,0.0,5.45485e-06,0.0725089,0.0,0.0822873,0.0,0.00016,0,0,0,367,0,0,0,0
11107876,0.999392,-0.00203486,0.0218823,0.0270512,0.00161829,-0.00110581,0.00495544,0.0025889,-0.00334551,-0.0325283,1.00448e-05,6.30165e-06,-1.64792e-05,-1.27861e-05,-7.76323e-06,0.000475808,0.174587,-9.09273e-10,-0.320987,0.0,0.0,0.0,0.0,0.0,0.0,8.21331e-11,1.18096e-05,0.00049751,9.60704e-07,0.000108144,0.000107848,0.000627852,0.000425118,0.000418058,0.0037552,99.9998,99.9998,0.00120442,2.40388e-10,2.26893e-10,7.27922e-09,2.45132e-06,2.45589e-06,4.82091e-08,0.0,0.0,0.0,0.0,0.0,0.0,0.0,0.0,1051,14.1421,0.0347048,0.00690156,0.0,5.45485e-06,0.0693146,0.0,0.00675642,0.0,0.000233,0,0,0,367,0,0,0,0
11312641,0.999387,-0.00204105,0.0219647,0.027201,9.69064e-05,-0.000480851,0.00670533,0.00263721,-0.00340233,-0.030656,9.90692e-06,6.11813e-06,-1.61335e-05,-1.37022e-05,-6.95325e-06,0.000476401,0.174587,-9.09273e-10,-0.320987,0.0,0.0,0.0,0.0,0.0,0.0,8.26835e-11,1.13466e-05,0.000473629,9.52287e-07,0.000107812,0.000107516,0.000621058,0.000626525,0.000619419,0.00380632,99.9998,99.9998,0.00124008,2.25147e-10,2.12434e-10,6.83459e-09,2.45087e-06,2.45543e-06,4.6915e-08,0.0,0.0,0.0,0.0,0.0,0.0,0.0,0.0,1051,14.1421,0.0352147,0.00245692,0.0,5.45485e-06,0.167216,0.0,0.114707,0.0,0.000191,0,0,0,367,0,0,0,0
11514262,0.999386,-0.0019884,0.0219627,0.0272297,0.000210315,-7.78005e-05,0.0100035,0.00273345,-0.00336547,-0.0278532,9.82718e-06,6.15651e-06,-1.55245e-05,-1.37659e-05,-6.97749e-06,0.000473003,0.174587,-9.09273e-10,-0.320987,0.0,0.0,0.0,0.0,0.0,0.0,7.59119e-11,1.07383e-05,0.000534987,9.41845e-07,0.000107613,0.000107319,0.000614228,0.00066428,0.000657155,0.00381841,99.9997,99.9997,0.00126417,2.08392e-10,1.96398e-10,6.42445e-09,2.45083e-06,2.4554e-06,4.56414e-08,0.0,0.0,0.0,0.0,0.0,0.0,0.0,0.0,1051,14.1421,0.0355551,0.00733345,0.0,5.45485e-06,0.0599251,0.0,0.0132666,0.0,0.000219,0,0,0,367,0,0,0,0
11919821,0.999394,-0.00198453,0.0219231,0.0269749,4.81703e-05,-0.000395666,0.00628359,0.00281689,-0.0034498,-0.0259415,9.697e-06,6.15421e-06,-1.37089e-05,-1.37683e-05,-7.07651e-06,0.000479424,0.174587,-9.09273e-10,-0.320987,0.0,0.0,0.0,0.0,0.0,0.0,7.6932e-11,1.15372e-05,0.000560376,9.00283e-07,0.00010661,0.00010633,0.000586836,0.000486458,0.000479723,0.00364662,99.9997,99.9997,0.00118073,1.75931e-10,1.65507e-10,5.58641e-09,2.45031e-06,2.45488e-06,4.30465e-08,0.0,0.0,0.0,0.0,0.0,0.0,0.0,0.0,1051,14.1421,0.0343618,0.023967,0.0,5.45485e-06,0.177331,0.0,0.108731,0.0,0.000179,0,0,0,367,0,0,0,0
12124653,0.999389,-0.00197495,0.0219336,0.0271627,0.0010977,-5.36792e-05,0.0207555,0.00333937,-0.00340428,-0.0137878,9.66531e-06,6.20846e-06,-1.35516e-05,-1.37482e-05,-6.89935e-06,0.000467137,0.174587,-9.09273e-10,-0.320987,0.0,0.0,0.0,0.0,0.0,0.0,7.52533e-11,1.17085e-05,0.000527631,8.70197e-07,0.000107106,0.000106836,0.00056605,0.0011451,0.00113855,0.00369217,99.9997,99.9997,0.00121025,1.71213e-10,1.61575e-10,5.17214e-09,2.45025e-06,2.45481e-06,4.20079e-08,0.0,0.0,0.0,0.0,0.0,0.0,0.0,0.0,1051,14.1421,0.0347887,0.00142813,0.0,5.45485e-06,0.0303374,0.0,0.000852639,0.0,0.000208,0,0,0,367,0,0,0,0
12325399,0.999391,-0.00193607,0.0219209,0.0270733,0.00145355,0.000125547,0.0278855,0.00369019,-0.00329332,-0.0054523,9.57117e-06,6.18249e-06,-1.27221e-05,-1.37143e-05,-6.66375e-06,0.000462307,0.174587,-9.09273e-10,-0.320987,0.0,0.0,0.0,0.0,0.0,0.0,7.5173e-11,1.15131e-05,0.000507262,8.60624e-07,0.000106174,0.000105908,0.000560302,0.000516327,0.000509315,0.00378511,99.9997,99.9997,0.00132135,1.52615e-10,1.43496e-10,4.88805e-09,2.45015e-06,2.45471e-06,4.1084e-08,0.0,0.0,0.0,0.0,0.0,0.0,0.0,0.0,1051,14.1421,0.0363504,0.00146473,0.0,5.45485e-06,0.0126146,0.0,0.00116411,0.0,0.000151,0,0,0,367,0,0,0,0
12526071,0.999395,-0.00191582,0.0219255,0.0269215,0.0010205,2.88342e-05,0.0141723,0.0033722,-0.00337257,-0.0121981,9.59501e-06,6.06904e-06,-1.20368e-05,-1.40423e-05,-6.83067e-06,0.00047648,0.174587,-9.09273e-10,-0.320987,0.0,0.0,0.0,0.0,0.0,0.0,8.31223e-11,1.16195e-05,0.000485932,8.31054e-07,0.000106052,0.000105795,0.000541317,0.0006334,0.000626631,0.00371379,99.9997,99.9997,0.00128387,1.43776e-10,1.35303e-10,4.54086e-09,2.45009e-06,2.45465e-06,4.00372e-08,0.0,0.0,0.0,0.0,0.0,0.0,0.0,0.0,1051,14.1421,0.0358311,0.0130455,0.0,5.45485e-06,0.20642,0.0,0.116564,0.0,3e-05,0,0,0,367,0,0,0,0
12928551,0.999399,-0.00191164,0.0219363,0.0267748,0.000687199,0.000277101,0.0127055,0.00352342,-0.0034275,-0.00917087,9.70834e-06,5.92476e-06,-1.09855e-05,-1.40754e-05,-6.36982e-06,0.000479597,0.174587,-9.09273e-10,-0.320987,0.0,0.0,0.0,0.0,0.0,0.0,1.33004e-10,1.32453e-05,0.000622032,7.91915e-07,0.000105798,0.00010555,0.000518672,0.000490572,0.000484032,0.00358099,99.9996,99.9996,0.00115998,1.24895e-10,1.17376e-10,4.00874e-09,2.44976e-06,2.45432e-06,3.81272e-08,0.0,0.0,0.0,0.0,0.0,0.0,0.0,0.0,1051,14.1421,0.0340584,0.000576957,0.0,5.45485e-06,0.0196932,0.0,0.0105732,0.0,6.7e-05,0,0,0,367,0,0,0,0
13133470,0.999399,-0.00189304,0.0219657,0.0267662,0.000200922,0.000596197,-0.00680499,0.00278819,-0.00350578,-0.0256151,9.74972e-06,5.81122e-06,-1.05775e-05,-1.43541e-05,-6.39967e-06,0.000497829,0.174587,-9.09273e-10,-0.320987,0.0,0.0,0.0,0.0,0.0,0.0,3.57671e-10,2.09233e-05,0.000696844,7.86182e-07,0.000105765,0.000105518,0.000515074,0.000478421,0.000471687,0.00366419,99.9996,99.9996,0.00120974,1.16973e-10,1.09814e-10,3.80618e-09,2.44964e-06,2.4542e-06,3.73442e-08,0.0,0.0,0.0,0.0,0.0,0.0,0.0,0.0,1051,14.1421,0.0347814,0.0129626,0.0,5.45485e-06,0.0540427,0.0,0.0934666,0.0,0.000228,0,0,0,367,0,0,0,0
13334278,0.999414,-0.00178874,0.0219173,0.0262451,0.0018282,0.00217479,-0.0179501,0.00340992,-0.00390758,-0.0377227,9.59311e-06,5.88421e-06,-9.3405e-06,-1.84468e-05,-3.05383e-06,0.000506077,0.174587,-9.09273e-10,-0.320987,0.0,0.0,0.0,0.0,0.0,0.0,3.77872e-10,2.70824e-05,0.000764493,7.55942e-07,0.000105977,0.000105741,0.000498867,0.000788117,0.000781579,0.00370718,99.9996,99.9996,0.0012394,1.12045e-10,1.05435e-10,3.55619e-09,2.44949e-06,2.45404e-06,3.65809e-08,0.0,0.0,0.0,0.0,0.0,0.0,0.0,0.0,1051,14.1421,0.0352051,0.0124336,0.0,5.45485e-06,0.0785309,0.0,0.0450353,0.0,0.000234,0,0,0,367,0,0,0,0
13539055,0.999409,-0.00195806,0.0222283,0.0261653,-0.00919167,-0.00452025,-0.0168415,-1.57872e-05,-0.0055482,-0.0417367,1.00347e-05,5.01109e-06,-8.77307e-06,-1.55399e-05,1.7747e-07,0.000504673,0.174587,-9.09273e-10,-0.320987,0.0,0.0,0.0,0.0,0.0,0.0,3.19507e-10,2.63944e-05,0.000774247,7.46725e-07,0.000105873,0.00010563,0.000494168,0.000697432,0.000690988,0.00351438,99.9996,99.9996,0.00112502,1.05164e-10,9.86805e-11,3.38202e-09,2.4494e-06,2.45396e-06,3.56929e-08,0.0,0.0,0.0,0.0,0.0,0.0,0.0,0.0,1051,14.1421,0.0335413,0.000123859,0.0,5.45485e-06,0.0885813,0.0,0.029988,0.0,0.000214,0,0,0,367,0,0,0,0
13739869,0.999417,-0.00191637,0.0219739,0.0260635,0.000764165,-0.00196108,-0.0332894,0.000382831,-0.00577926,-0.0608511,9.85134e-06,5.72737e-06,-8.25432e-06,-1.16908e-05,-1.35187e-06,0.000518711,0.174587,-9.09273e-10,-0.320987,0.0,0.0,0.0,0.0,0.0,0.0,3.48199e-10,2.93e-05,0.000916833,7.2433e-07,0.000105855,0.000105622,0.000479228,0.000865865,0.000859348,0.00360248,99.9996,99.9996,0.00117314,1.00023e-10,9.39812e-11,3.16818e-09,2.44925e-06,2.4538e-06,3.50333e-08,0.0,0.0,0.0,0.0,0.0,0.0,0.0,0.0,1051,14.1421,0.0342511,1.37491e-05,0.0,5.45485e-06,0.127309,0.0,0.130452,0.0,0.00022,0,0,0,367,0,0,0,0
13944502,0.999413,-0.00186904,0.021946,0.026259,0.00146364,-0.00220002,-0.00397946,0.00244858,-0.00661534,-0.0405496,9.77061e-06,5.8459e-06,-8.14398e-06,-1.40417e-05,3.47628e-06,0.000493547,0.174587,-9.09273e-10,-0.320987,0.0,0.0,0.0,0.0,0.0,0.0,5.89308e-10,3.30216e-05,0.000937135,7.16546e-07,0.000105105,0.00010488,0.000476052,0.00038414,0.000377321,0.00368489,99.9995,99.9995,0.00123501,9.14035e-11,8.57674e-11,3.0195e-09,2.44855e-06,2.45312e-06,3.43822e-08,0.0,0.0,0.0,0.0,0.0,0.0,0.0,0.0,1051,14.1421,0.0351428,0.00577363,0.0,5.45485e-06,0.0858605,0.0,0.00527466,0.0,5.7e-05,0,0,0,367,0,0,0,0
14145376,0.999414,-0.00184489,0.0220056,0.0261723,0.00115385,-0.00188936,0.0210359,0.00331751,-0.00663353,-0.0208905,9.64076e-06,5.77633e-06,-7.42767e-06,-1.47507e-05,5.70554e-06,0.000474841,0.174587,-9.09273e-10,-0.320987,0.0,0.0,0.0,0.0,0.0,0.0,1.79409e-09,4.95206e-05,0.00111556,6.96561e-07,0.000104876,0.000104656,0.000462251,0.000558745,0.000552414,0.00350564,99.9995,99.9995,0.00112923,8.72502e-11,8.1943e-11,2.83598e-09,2.44787e-06,2.45244e-06,3.35977e-08,0.0,0.0,0.0,0.0,0.0,0.0,0.0,0.0,1051,14.1421,0.0336039,0.0178468,0.0,5.45485e-06,0.044347,0.0,0.00325444,0.0,0.00013,0,0,0,367,0,0,0,0
14351045,0.999415,-0.00193306,0.0219941,0.0260996,0.00174061,-0.0015954,0.0323738,0.004348,-0.00734412,-0.00895872,9.64837e-06,5.82007e-06,-6.90305e-06,-1.30577e-05,4.13958e-06,0.000467875,0.174587,-9.09273e-10,-0.320987,0.0,0.0,0.0,0.0,0.0,0.0,4.41973e-09,8.68564e-05,0.00171722,6.88542e-07,0.000104433,0.000104215,0.000458395,0.000411161,0.000404721,0.00353577,99.9995,99.9995,0.00115576,8.18593e-11,7.68065e-11,2.70795e-09,2.44735e-06,2.45191e-06,3.29958e-08,0.0,0.0,0.0,0.0,0.0,0.0,0.0,0.0,1051,14.1421,0.0339965,0.000630726,0.0,5.45485e-06,0.0195695,0.0,0.00158347,0.0,0.000204,0,0,0,367,0,0,0,0
14551734,0.999426,-0.0018835,0.0219401,0.0257363,-0.00103943,-0.00518209,0.0349329,0.00509967,-0.00778906,-0.000335242,9.65974e-06,5.92851e-06,-5.75612e-06,-1.31111e-05,3.95241e-06,0.000465368,0.174587,-9.09273e-10,-0.320987,0.0,0.0,0.0,0.0,0.0,0.0,7.23334e-09,0.000109393,0.00208805,6.69692e-07,0.000104409,0.000104197,0.000445552,0.000581623,0.000575163,0.00357762,99.9995,99.9995,0.00118516,7.83181e-11,7.35539e-11,2.5489e-09,2.44729e-06,2.45186e-06,3.24157e-08,0.0,0.0,0.0,0.0,0.0,0.0,0.0,0.0,1051,14.1421,0.0344262,0.0217623,0.0,5.45485e-06,0.00192243,0.0,0.000317935,0.0,9.3e-05,0,0,0,367,0,0,0,0
14756521,0.999432,-0.00181212,0.0218616,0.0255819,0.00336192,-0.00146764,0.035367,0.00578198,-0.00821541,0.00551728,9.54729e-06,5.89585e-06,-5.36998e-06,-1.32834e-05,4.93507e-06,0.000466422,0.174587,-9.09273e-10,-0.320987,0.0,0.0,0.0,0.0,0.0,0.0,6.95112e-09,0.000120156,0.00224708,6.59126e-07,0.000104269,0.00010406,0.000442894,0.000567083,0.000560605,0.0036363,99.9995,99.9995,0.00123111,7.41639e-11,6.96206e-11,2.43786e-09,2.44722e-06,2.45179e-06,3.18575e-08,0.0,0.0,0.0,0.0,0.0,0.0,0.0,0.0,1051,14.1421,0.0350872,0.0105214,0.0,5.45485e-06,0.00937158,0.0,0.000466931,0.0,7.6e-05,0,0,0,367,0,0,0,0
14957445,0.99943,-0.00173515,0.0219846,0.025551,0.00113862,0.00247721,0.0335235,0.00569264,-0.00811861,0.00800383,9.42244e-06,5.68891e-06,-5.03696e-06,-1.26036e-05,5.53433e-06,0.000470272,0.174587,-9.09273e-10,-0.320987,0.0,0.0,0.0,0.0,0.0,0.0,7.00133e-09,0.000138219,0.00260783,6.41019e-07,0.000104155,0.000103949,0.000430883,0.000456623,0.000450419,0.00344733,99.9995,99.9995,0.00111369,7.00638e-11,6.57605e-11,2.29946e-09,2.44713e-06,2.45171e-06,3.11954e-08,0.0,0.0,0.0,0.0,0.0,0.0,0.0,0.0,1051,14.1421,0.033372,0.0161653,0.0,5.45485e-06,0.0169759,0.0,0.00102993,0.0,0.000196,0,0,0,367,0,0,0,0
15162221,0.999432,-0.00173839,0.0219511,0.0255086,0.00261063,0.00218351,0.0283567,0.00588512,-0.00792897,0.00975028,9.43951e-06,5.75378e-06,-4.86111e-06,-1.31017e-05,5.44422e-06,0.000474364,0.174587,-9.09273e-10,-0.320987,0.0,0.0,0.0,0.0,0.0,0.0,7.48618e-09,0.000157947,0.00272706,6.31521e-07,0.000104077,0.000103873,0.000427514,0.000387759,0.00038135,0.00349744,99.9995,99.9995,0.00114266,6.64863e-11,6.23535e-11,2.20246e-09,2.44705e-06,2.45162e-06,3.06989e-08,0.0,0.0,0.0,0.0,0.0,0.0,0.0,0.0,1051,14.1421,0.0338033,0.000613845,0.0,5.45485e-06,0.0202048,0.0,0.00127127,0.0,0.00018,0,0,0,367,0,0,0,0
15363133,0.999437,-0.0016867,0.0220913,0.0252095,-0.0011106,0.00157331,0.0222531,0.0057045,-0.00787815,0.0101827,9.51237e-06,5.66414e-06,-4.13231e-06,-1.35075e-05,6.17085e-06,0.000478365,0.174587,-9.09273e-10,-0.320987,0.0,0.0,0.0,0.0,0.0,0.0,8.63344e-09,0.000185868,0.00334898,6.23567e-07,0.000104132,0.000103927,0.000424147,0.000555025,0.000548662,0.0035372,99.9995,99.9995,0.00116998,6.39654e-11,6.00051e-11,2.11075e-09,2.44698e-06,2.45155e-06,3.0215e-08,0.0,0.0,0.0,0.0,0.0,0.0,0.0,0.0,1051,14.1421,0.0342049,0.0154804,0.0,5.45485e-06,0.0207981,0.0,0.00137015,0.0,0.000292,0,0,0,367,0,0,0,0
15563711,0.999443,-0.00172481,0.0221505,0.0248914,-0.00106562,-0.000796795,0.02034,0.00548412,-0.0080439,0.00988214,9.57227e-06,5.67274e-06,-3.41363e-06,-1.40114e-05,6.5868e-06,0.000482153,0.174587,-9.09273e-10,-0.320987,0.0,0.0,0.0,0.0,0.0,0.0,8.25409e-09,0.000191411,0.00336424,6.04646e-07,0.000104074,0.000103873,0.000413121,0.000463333,0.000456748,0.00359252,99.9995,99.9995,0.00120346,6.06974e-11,5.69496e-11,1.99633e-09,2.44684e-06,2.45141e-06,2.97436e-08,0.0,0.0,0.0,0.0,0.0,0.0,0.0,0.0,1051,14.1421,0.0346909,0.00239657,0.0,5.45485e-06,0.0191508,0.0,0.00133494,0.0,7e-05,0,0,0,367,0,0,0,0
15765443,0.999447,-0.00176001,0.0221376,0.024751,0.000242725,-0.00158436,0.0169506,0.00532142,-0.00817455,0.0090411,9.55375e-06,5.71973e-06,-3.03449e-06,-1.39868e-05,6.10991e-06,0.000485853,0.174587,-9.09273e-10,-0.320987,0.0,0.0,0.0,0.0,0.0,0.0,8.78502e-09,0.000206507,0.00380747,5.96123e-07,0.000103964,0.000103765,0.00041,0.000366686,0.000359918,0.00362648,99.9995,99.9995,0.00123009,5.7729e-11,5.41332e-11,1.91595e-09,2.44675e-06,2.45133e-06,2.92906e-08,0.0,0.0,0.0,0.0,0.0,0.0,0.0,0.0,1051,14.1421,0.0350726,0.00178818,0.0,5.45485e-06,0.0175168,0.0,0.00125094,0.0,0.000202,0,0,0,367,0,0,0,0
15966100,0.99946,-0.00173955,0.0221419,0.0242292,-0.00137901,-0.00170151,-0.0038429,0.00460922,-0.00846163,-0.00529917,9.5259e-06,5.70768e-06,-2.07205e-06,-1.44632e-05,6.07243e-06,0.000499118,0.174587,-9.09273e-10,-0.320987,0.0,0.0,0.0,0.0,0.0,0.0,8.4296e-09,0.000201728,0.00383525,5.77838e-07,0.000104053,0.000103859,0.0003997,0.000585158,0.000578544,0.00364867,99.9995,99.9995,0.00125302,5.57692e-11,5.23714e-11,1.81542e-09,2.44666e-06,2.45123e-06,2.88394e-08,0.0,0.0,0.0,0.0,0.0,0.0,0.0,0.0,1051,14.1421,0.0353981,0.0183571,0.0,5.45485e-06,0.221269,0.0,0.115911,0.0,5.9e-05,0,0,0,367,0,0,0,0
16171067,0.999462,-0.00174228,0.022085,0.02419,-0.00163646,0.00119964,-0.0127948,0.00408233,-0.0085966,-0.0148315,9.50614e-06,5.7231e-06,-1.89685e-06,-1.48486e-05,5.69697e-06,0.000505951,0.174587,-9.09273e-10,-0.320987,0.0,0.0,0.0,0.0,0.0,0.0,7.2943e-09,0.000180499,0.00359759,5.70546e-07,0.000104177,0.000103985,0.00039749,0.000751401,0.000745237,0.00349041,99.9995,99.9995,0.0011542,5.3741e-11,5.04756e-11,1.74457e-09,2.44637e-06,2.45095e-06,2.83165e-08,0.0,0.0,0.0,0.0,0.0,0.0,0.0,0.0,1051,14.1421,0.0339735,0.00076591,0.0,5.45485e-06,0.0312567,0.0,0.0856424,0.0,0.000226,0,0,0,367,0,0,0,0
16371721,0.999465,-0.00179717,0.0220247,0.0241222,-0.000651168,0.00124789,-0.0162758,0.00380076,-0.00853805,-0.022214,9.50307e-06,5.76311e-06,-1.61054e-06,-1.59601e-05,6.04266e-06,0.000509466,0.174587,-9.09273e-10,-0.320987,0.0,0.0,0.0,0.0,0.0,0.0,6.69712e-09,0.000165573,0.00313454,5.54713e-07,0.000104076,0.00010389,0.000387754,0.000583908,0.000577564,0.00352625,99.9995,99.9994,0.00117783,5.10797e-11,4.7983e-11,1.6556e-09,2.44616e-06,2.45073e-06,2.79046e-08,0.0,0.0,0.0,0.0,0.0,0.0,0.0,0.0,1051,14.1421,0.0343195,0.00660279,0.0,5.45485e-06,0.0465646,0.0,0.079294,0.0,8e-05,0,0,0,367,0,0,0,0
16576632,0.999469,-0.00174986,0.0219807,0.0239928,0.00266417,-0.000240227,-0.0053592,0.00420355,-0.00860731,-0.0155118,9.5109e-06,5.75831e-06,-1.36582e-06,-1.61264e-05,5.73763e-06,0.000502039,0.174587,-9.09273e-10,-0.320987,0.0,0.0,0.0,0.0,0.0,0.0,5.79676e-09,0.00015131,0.0027619,5.44224e-07,0.000104005,0.000103822,0.000384982,0.000609159,0.0006028,0.00356047,99.9994,99.9994,0.00120079,4.90584e-11,4.60841e-11,1.59287e-09,2.44601e-06,2.45059e-06,2.75134e-08,0.0,0.0,0.0,0.0,0.0,0.0,0.0,0.0,1051,14.1421,0.0346524,0.00374821,0.0,5.45485e-06,0.0324762,0.0,0.00109585,0.0,0.000187,0,0,0,367,0,0,0,0
16777449,0.999473,-0.0017644,0.0220197,0.0238012,0.00136935,-0.000271267,-0.0211105,0.00389252,-0.00867036,-0.0321644,9.47903e-06,5.69665e-06,-9.87806e-07,-1.66733e-05,6.3372e-06,0.000512057,0.174587,-9.09273e-10,-0.320987,0.0,0.0,0.0,0.0,0.0,0.0,5.65434e-09,0.00014663,0.00275941,5.36759e-07,0.000103945,0.000103763,0.000382212,0.000536187,0.0005297,0.00361167,99.9994,99.9994,0.0012334,4.69646e-11,4.41024e-11,1.53322e-09,2.44587e-06,2.45045e-06,2.71423e-08,0.0,0.0,0.0,0.0,0.0,0.0,0.0,0.0,1051,14.1421,0.0351198,0.00597006,0.0,5.45485e-06,0.0664593,0.0,0.0935815,0.0,0.000198,0,0,0,367,0,0,0,0
16983105,0.999475,-0.0018719,0.0220277,0.0236766,-0.000254205,-0.00287814,-0.010279,0.00422879,-0.00889189,-0.028859,9.4715e-06,5.66992e-06,-6.7571e-07,-1.66266e-05,6.62238e-06,0.000505519,0.174587,-9.09273e-10,-0.320987,0.0,0.0,0.0,0.0,0.0,0.0,6.1933e-09,0.000154398,0.00301039,5.21101e-07,0.000103824,0.000103645,0.000373814,0.000458514,0.000452148,0.00347473,99.9994,99.9994,0.00114548,4.48925e-11,4.21639e-11,1.45816e-09,2.44573e-06,2.45031e-06,2.66859e-08,0.0,0.0,0.0,0.0,0.0,0.0,0.0,0.0,1051,14.1421,0.033845,0.0165413,0.0,5.45485e-06,0.0610446,0.0,0.000759325,0.0,0.000264,0,0,0,367,0,0,0,0
17183906,0.999477,-0.00179748,0.0220285,0.0236022,-0.000188942,-0.000150005,0.00183814,0.00485358,-0.00895452,-0.018483,9.39872e-06,5.67359e-06,-3.0241e-07,-1.61867e-05,7.316e-06,0.000496652,0.174587,-9.09273e-10,-0.320987,0.0,0.0,0.0,0.0,0.0,0.0,7.58438e-09,0.00017493,0.0032991,5.076e-07,0.000103478,0.000103304,0.000365167,0.000297335,0.00029084,0.00350671,99.9994,99.9994,0.00116939,4.28576e-11,4.02612e-11,1.38802e-09,2.44509e-06,2.44967e-06,2.63242e-08,0.0,0.0,0.0,0.0,0.0,0.0,0.0,0.0,1051,14.1421,0.0341963,0.0163369,0.0,5.45485e-06,0.0393271,0.0,0.00269233,0.0,0.000257,0,0,0,367,0,0,0,0
17388497,0.999481,-0.00173151,0.0220924,0.0233681,2.57088e-05,0.00114064,-0.0157297,0.00424424,-0.00891267,-0.0355209,9.36649e-06,5.57213e-06,-1.30001e-08,-1.68613e-05,8.2982e-06,0.000509557,0.174587,-9.09273e-10,-0.320987,0.0,0.0,0.0,0.0,0.0,0.0,7.45316e-09,0.000174425,0.00329147,4.99428e-07,0.000103573,0.000103399,0.000362696,0.00068865,0.00068248,0.00354164,99.9994,99.9994,0.00119517,4.19863e-11,3.94826e-11,1.33839e-09,2.44495e-06,2.44952e-06,2.59843e-08,0.0,0.0,0.0,0.0,0.0,0.0,0.0,0.0,1051,14.1421,0.0345712,0.0163189,0.0,5.45485e-06,0.178677,0.0,0.0477563,0.0,5.2e-05,0,0,0,367,0,0,0,0
17589318,0.999484,-0.00174853,0.0221166,0.023239,6.57324e-05,0.00106213,0.00481968,0.00474558,-0.00877783,-0.0227492,9.34912e-06,5.52683e-06,2.64834e-07,-1.61589e-05,8.75079e-06,0.000499073,0.174587,-9.09273e-10,-0.320987,0.0,0.0,0.0,0.0,0.0,0.0,7.96663e-09,0.000183878,0.00332849,4.91014e-07,0.000103475,0.000103302,0.000360257,0.000548498,0.000542102,0.00357022,99.9994,99.9994,0.00121744,4.02508e-11,3.78277e-11,1.29115e-09,2.44475e-06,2.44932e-06,2.56529e-08,0.0,0.0,0.0,0.0,0.0,0.0,0.0,0.0,1051,14.1421,0.0348919,0.00446483,0.0,5.45485e-06,0.0484609,0.0,0.00257658,0.0,7.3e-05,0,0,0,367,0,0,0,0
17794226,0.999488,-0.00181807,0.0220035,0.0231451,0.000676711,-0.000806237,-0.0363231,0.00353744,-0.00906723,-0.0557676,9.35021e-06,5.50709e-06,4.44129e-07,-1.83401e-05,7.9885e-06,0.000521504,0.174587,-9.09273e-10,-0.320987,0.0,0.0,0.0,0.0,0.0,0.0,7.47681e-09,0.000173081,0.00315544,4.79342e-07,0.000103519,0.00010335,0.000352807,0.000744739,0.000738752,0.0034255,99.9994,99.9994,0.00112656,3.90776e-11,3.67644e-11,1.23154e-09,2.44445e-06,2.44903e-06,2.52537e-08,0.0,0.0,0.0,0.0,0.0,0.0,0.0,0.0,1051,14.1421,0.0335643,0.00972517,0.0,5.45485e-06,0.114129,0.0,0.0076872,0.0,0.000185,0,0,0,367,0,0,0,0
17995021,0.999484,-0.00176846,0.0220455,0.0232956,-0.000991366,-0.000220009,-0.00705494,0.00432707,-0.00892783,-0.0378146,9.32365e-06,5.49414e-06,3.16828e-07,-1.65239e-05,7.3986e-06,0.000505548,0.174587,-9.09273e-10,-0.320987,0.0,0.0,0.0,0.0,0.0,0.0,6.88114e-09,0.000161607,0.0029447,4.71752e-07,0.00010335,0.000103181,0.000350491,0.000417813,0.000411482,0.00346132,99.9993,99.9993,0.00114902,3.7261e-11,3.50251e-11,1.18925e-09,2.44423e-06,2.44881e-06,2.49467e-08,0.0,0.0,0.0,0.0,0.0,0.0,0.0,0.0,1051,14.1421,0.0338972,0.00581058,0.0,5.45485e-06,0.0799414,0.0,0.000519714,0.0,0.00018,0,0,0,367,0,0,0,0
18195696,0.999486,-0.00173518,0.0220846,0.0231637,0.000245308,5.35993e-05,0.010943,0.00488525,-0.00889204,-0.023161,9.29325e-06,5.49844e-06,7.20258e-07,-1.59107e-05,7.35427e-06,0.000495347,0.174587,-9.09273e-10,-0.320987,0.0,0.0,0.0,0.0,0.0,0.0,7.24385e-09,0.000162937,0.00278213,4.60118e-07,0.000103245,0.00010308,0.000342895,0.000596615,0.000590325,0.00354766,99.9993,99.9993,0.00119349,3.62487e-11,3.41165e-11,1.1358e-09,2.44387e-06,2.44845e-06,2.46574e-08,0.0,0.0,0.0,0.0,0.0,0.0,0.0,0.0,1051,14.1421,0.0345469,0.0156109,0.0,5.45485e-06,0.0499879,0.0,0.00343567,0.0,5.5e-05,0,0,0,367,0,0,0,0
18397434,0.999492,-0.0017375,0.0219896,0.0230282,0.00205508,-0.00132744,0.0242236,0.00559811,-0.00891314,-0.0101403,9.32054e-06,5.54287e-06,9.80355e-07,-1.52365e-05,6.51256e-06,0.000488628,0.174587,-9.09273e-10,-0.320987,0.0,0.0,0.0,0.0,0.0,0.0,7.3643e-09,0.000161705,0.00286745,4.526e-07,0.00010301,0.000102847,0.000340716,0.00051189,0.000505841,0.00340834,99.9993,99.9993,0.00110315,3.49356e-11,3.2877e-11,1.09788e-09,2.44344e-06,2.44803e-06,2.44803e-08,0.0,0.0,0.0,0.0,0.0,0.0,0.0,0.0,1051,14.1421,0.0332137,0.0095295,0.0,5.45485e-06,0.0214947,0.0,0.00160799,0.0,0.000193,0,0,0,367,0,0,0,0
18598220,0.999493,-0.00170068,0.0220115,0.0229539,0.00252062,-9.58268e-05,0.0140761,0.00572935,-0.00894551,-0.0145038,9.30254e-06,5.53356e-06,1.12739e-06,-1.55481e-05,6.73731e-06,0.000495104,0.174587,-9.09273e-10,-0.320987,0.0,0.0,0.0,0.0,0.0,0.0,7.81738e-09,0.000161975,0.00304871,4.4118e-07,0.000102975,0.000102815,0.000333546,0.000702669,0.000696725,0.00344944,99.9993,99.9993,0.00113601,3.40435e-11,3.20797e-11,1.04989e-09,2.44331e-06,2.44789e-06,2.44789e-08,0.0,0.0,0.0,0.0,0.0,0.0,0.0,0.0,1051,14.1421,0.0337048,0.00180573,0.0,5.45485e-06,0.200934,0.0,0.117885,0.0,0.000179,0,0,0,367,0,0,0,0
18803042,0.999495,-0.0017554,0.0219428,0.0229158,0.00337068,-0.000457772,0.0182237,0.00640824,-0.0089831,-0.00654,9.32634e-06,5.50958e-06,1.24819e-06,-1.53575e-05,7.30174e-06,0.000491715,0.174587,-9.09273e-10,-0.320987,0.0,0.0,0.0,0.0,0.0,0.0,7.18119e-09,0.000157041,0.00298949,4.34777e-07,0.00010293,0.000102772,0.00033149,0.000643822,0.000637825,0.00344839,99.9993,99.9993,0.00114957,3.29259e-11,3.10256e-11,1.01574e-09,2.4432e-06,2.44778e-06,2.44779e-08,0.0,0.0,0.0,0.0,0.0,0.0,0.0,0.0,1051,14.1421,0.0339052,0.0147538,0.0,5.45485e-06,0.014524,0.0,0.00189872,0.0,0.000201,0,0,0,367,0,0,0,0
19003903,0.999498,-0.001766,0.02198,0.0227406,0.0011885,-0.000803312,0.0216713,0.00647989,-0.00893966,-0.000753966,9.29472e-06,5.41032e-06,1.55287e-06,-1.52594e-05,8.25194e-06,0.000490371,0.174587,-9.09273e-10,-0.320987,0.0,0.0,0.0,0.0,0.0,0.0,7.63724e-09,0.000167403,0.00302831,4.23332e-07,0.000102798,0.000102642,0.000324701,0.000436811,0.000430541,0.00349777,99.9993,99.9992,0.00117844,3.16848e-11,2.9862e-11,9.72496e-10,2.4431e-06,2.44769e-06,2.44769e-08,0.0,0.0,0.0,0.0,0.0,0.0,0.0,0.0,1051,14.1421,0.0343284,0.0152228,0.0,5.45485e-06,0.00272712,0.0,0.00028991,0.0,0.000262,0,0,0,367,0,0,0,0
19208653,0.999502,-0.00174579,0.0219506,0.0226123,0.00120926,0.000116768,0.0234684,0.00663484,-0.00896385,0.00358455,9.30443e-06,5.35859e-06,1.86342e-06,-1.55947e-05,8.69709e-06,0.000490529,0.174587,-9.09273e-10,-0.320987,0.0,0.0,0.0,0.0,0.0,0.0,8.9766e-09,0.000184182,0.00328392,4.1903e-07,0.000102703,0.000102548,0.000323257,0.000316559,0.00031004,0.00357486,99.9992,99.9992,0.00122991,3.06006e-11,2.88324e-11,9.41741e-10,2.44301e-06,2.4476e-06,2.44763e-08,0.0,0.0,0.0,0.0,0.0,0.0,0.0,0.0,1051,14.1421,0.0350701,0.0140577,0.0,5.45485e-06,0.00554785,0.0,0.000285566,0.0,0.000206,0,0,0,367,0,0,0,0
19409343,0.999504,-0.0017533,0.0220561,0.0223885,6.18579e-05,-0.00213169,0.0201719,0.006559,-0.00916232,0.00543292,9.29466e-06,5.33629e-06,2.17925e-06,-1.58404e-05,8.95062e-06,0.000492108,0.174587,-9.09273e-10,-0.320987,0.0,0.0,0.0,0.0,0.0,0.0,2.46437e-08,0.000232599,0.00465669,4.08357e-07,0.000102762,0.000102608,0.00031682,0.000599334,0.000593352,0.00341309,99.9992,99.9992,0.00112114,3.00144e-11,2.83186e-11,9.02721e-10,2.44295e-06,2.44754e-06,2.44755e-08,0.0,0.0,0.0,0.0,0.0,0.0,0.0,0.0,1179,14.1421,0.0334834,0.00782591,0.0,5.45485e-06,0.0111537,0.0,0.000701398,0.0,9.5e-05,0,0,0,367,0,0,0,0
19614110,0.999429,-0.00469644,0.0263121,0.0206708,0.0127283,-0.00528162,-0.200953,0.00807507,-0.0100868,-0.0297992,9.23144e-06,6.01851e-06,2.63223e-06,-3.80077e-05,2.09995e-06,0.000512612,0.174587,-9.09273e-10,-0.320987,0.0,0.0,0.0,0.0,0.0,0.0,3.62923e-07,0.000790535,0.0132345,4.00134e-07,0.000102892,0.000102678,0.000314965,0.000727595,0.000721058,0.00346728,99.9992,99.9992,0.00115443,2.92857e-11,2.76436e-11,8.74882e-10,2.44261e-06,2.4472e-06,2.44721e-08,0.0,0.0,0.0,0.0,0.0,0.0,0.0,0.0,1179,14.1421,0.0339769,0.00706066,0.0,5.45485e-06,0.15313,0.0,0.00146619,0.0,6.9e-05,0,0,0,367,0,0,0,0
19815839,0.999391,-0.00713337,0.0325667,0.0103378,-0.0554947,-0.0406227,-1.1889,0.0067029,-0.0150494,-0.186474,9.2463e-06,6.30848e-06,2.41562e-06,-5.13703e-05,-1.01696e-06,0.000520038,0.174587,-9.09273e-10,-0.320987,0.0,0.0,0.0,0.0,0.0,0.0,7.58477e-07,0.00103549,0.0181642,2.6107e-07,0.000103198,0.000102889,0.000308898,0.00210934,0.00210707,0.00351842,99.9993,99.9993,0.0011875,2.9109e-11,2.75489e-11,8.39433e-10,2.44232e-06,2.4469e-06,2.4469e-08,0.0,0.0,0.0,0.0,0.0,0.0,0.0,0.0,1179,14.1421,0.0344601,0.0224855,0.0,5.45485e-06,0.0185903,0.0,0.0429566,0.0,0.000197,0,0,0,367,0,0,0,0
20020627,0.999714,-0.00295915,0.0197346,-0.013215,-0.0927431,-0.0524071,-0.955251,-0.0101651,-0.0231508,-0.444146,9.10987e-06,6.3626e-06,1.70252e-07,-4.97979e-05,-6.3033e-06,0.000516238,0.174587,-9.09273e-10,-0.320987,0.0,0.0,0.0,0.0,0.0,0.0,7.23053e-07,0.000925767,0.0150863,5.19524e-08,0.000103263,0.000103153,0.000307871,0.00272368,0.00272675,0.00360743,99.9995,99.9995,0.00125253,2.88959e-11,2.73931e-11,8.14175e-10,2.4417e-06,2.44629e-06,2.44631e-08,0.0,0.0,0.0,0.0,0.0,0.0,0.0,0.0,1179,14.1421,0.0353911,0.130934,0.0,5.45485e-06,0.090832,0.0,0.0271777,0.0,0.000182,0,0,0,367,0,0,0,0
20221308,0.999458,-0.0036234,0.013467,-0.0298188,-0.0812597,-0.0647907,-0.575505,-0.0294852,-0.0368477,-0.566944,9.56629e-06,6.17848e-06,-6.3153e-06,-7.16941e-05,9.79883e-06,0.00050631,0.174587,-9.09273e-10,-0.320987,0.0,0.0,0.0,0.0,0.0,0.0,6.03805e-07,0.000847329,0.013441,2.19835e-07,0.000103078,0.000103033,0.000301881,0.00283865,0.0028374,0.0036641,99.9998,99.9998,0.00130204,2.83382e-11,2.69031e-11,7.82076e-10,2.43704e-06,2.44167e-06,2.44341e-08,0.0,0.0,0.0,0.0,0.0,0.0,0.0,0.0,1179,14.1421,0.0360837,0.249327,0.0,5.45485e-06,0.119124,0.0,0.0271661,0.0,6.3e-05,0,0,0,367,0,0,0,0
20426102,0.99917,-0.00410175,0.0131212,-0.0383538,-0.0738248,-0.0800518,-0.383318,-0.0478974,-0.0530574,-0.629233,9.95689e-06,5.8652e-06,-1.2846e-05,-0.000111409,5.80949e-05,0.000489123,0.174587,-9.09273e-10,-0.320987,0.0,0.0,0.0,0.0,0.0,0.0,5.22674e-07,0.000830491,0.0153804,4.75401e-07,0.000102506,0.000102461,0.000299978,0.00309474,0.00308925,0.00363883,100.0,100.0,0.00131661,2.77702e-11,2.63793e-11,7.59167e-10,2.42434e-06,2.42906e-06,2.43476e-08,0.0,0.0,0.0,0.0,0.0,0.0,0.0,0.0,1179,14.1421,0.0362851,0.310891,0.0,5.45485e-06,0.121272,0.0,0.000148646,0.0,6.1e-05,0,0,0,367,0,0,0,0
20627024,0.999293,-0.00392588,-0.00197983,-0.0373417,-0.0285407,-0.0989957,-0.409934,-0.0595407,-0.0725057,-0.683294,1.03693e-05,5.79651e-06,-2.20807e-05,-0.000130012,7.54353e-05,0.00047892,0.174587,-9.09273e-10,-0.320987,0.0,0.0,0.0,0.0,0.0,0.0,7.64962e-07,0.000992851,0.0202646,5.90237e-07,0.000101746,0.000101738,0.000294333,0.00361933,0.00360629,0.00360961,100.001,100.001,0.00131935,2.7297e-11,2.59574e-11,7.29954e-10,2.40752e-06,2.41235e-06,2.41496e-08,0.0,0.0,0.0,0.0,0.0,0.0,0.0,0.0,1179,14.1422,0.0363228,0.330997,0.0,5.45485e-06,0.0935125,0.0,0.00755592,0.0,0.000183,0,0,0,367,0,0,0,0
20827880,0.999391,-0.00299822,-0.00224187,-0.0347036,0.0684597,-0.113475,-0.457652,-0.0546584,-0.0919013,-0.754851,1.05126e-05,5.82519e-06,-2.83729e-05,-0.000112254,7.62773e-05,0.00047368,0.174587,-9.09273e-10,-0.320987,0.0,0.0,0.0,0.0,0.0,0.0,6.52476e-07,0.00109172,0.0204291,6.37207e-07,0.000100539,0.000100506,0.000292737,0.00393008,0.00391773,0.00362856,100.001,100.001,0.00133466,2.67376e-11,2.54308e-11,7.09079e-10,2.38133e-06,2.38655e-06,2.38721e-08,0.0,0.0,0.0,0.0,0.0,0.0,0.0,0.0,1179,14.1422,0.036533,0.3041,0.0,5.45485e-06,0.0541204,0.0,0.0096886,0.0,0.000232,0,0,0,367,0,0,0,0
21032686,0.999519,-0.00140708,-0.00983307,-0.0293875,0.155722,-0.122115,-0.518604,-0.0322982,-0.114437,-0.852598,1.07715e-05,5.72584e-06,-3.669e-05,-9.4606e-05,0.000105698,0.000478247,0.174587,-9.09273e-10,-0.320987,0.0,0.0,0.0,0.0,0.0,0.0,7.53481e-07,0.00123895,0.020904,6.52599e-07,9.95308e-05,9.94608e-05,0.000287831,0.00452989,0.00453633,0.00369982,100.002,100.002,0.00138568,2.6317e-11,2.50595e-11,6.82429e-10,2.35755e-06,2.36297e-06,2.36302e-08,0.0,0.0,0.0,0.0,0.0,0.0,0.0,0.0,1179,14.1423,0.0372248,0.301784,0.0,5.45485e-06,0.0201267,0.0,0.0229484,0.0,0.000238,0,0,0,367,0,0,0,0
21234217,0.999644,0.000710386,-0.00182249,-0.0266076,0.245874,-0.112024,-0.15279,0.0106183,-0.133973,-0.94433,1.09026e-05,5.69976e-06,-4.26228e-05,-6.64576e-05,0.000118633,0.000483545,0.174587,-9.09273e-10,-0.320987,0.0,0.0,0.0,0.0,0.0,0.0,6.21495e-07,0.00121018,0.0195513,6.78389e-07,9.89949e-05,9.89308e-05,0.000286297,0.00518924,0.00523645,0.00396756,100.003,100.003,0.00159117,2.61021e-11,2.48812e-11,6.63297e-10,2.34269e-06,2.34829e-06,2.34831e-08,0.0,0.0,0.0,0.0,0.0,0.0,0.0,0.0,1179,14.1423,0.0398894,0.311503,0.0,5.45485e-06,0.000424484,0.0,0.0076404,0.0,0.000175,0,0,0,367,0,0,0,0
21435023,0.999736,-0.000502753,0.00942329,-0.0209396,0.284272,-0.108806,0.0841279,0.0637276,-0.155598,-0.952435,1.12762e-05,5.63768e-06,-5.10138e-05,-6.35483e-05,0.000139033,0.000496473,0.174587,-9.09273e-10,-0.320987,0.0,0.0,0.0,0.0,0.0,0.0,5.24334e-07,0.00130325,0.0204421,6.84348e-07,9.80866e-05,9.79565e-05,0.0002811,0.0056614,0.00573092,0.00393888,100.004,100.004,0.00166909,2.57264e-11,2.45554e-11,6.38672e-10,2.31968e-06,2.32538e-06,2.32538e-08,0.0,0.0,0.0,0.0,0.0,0.0,0.0,0.0,1179,14.1424,0.0408545,0.320714,0.0,5.45485e-06,0.0328592,0.0,0.00571864,0.0,0.000182,0,0,0,367,0,0,0,0
21635812,0.999763,-0.00198108,0.0117818,-0.0181888,0.314063,-0.10599,0.0216329,0.123978,-0.173634,-0.957022,1.14966e-05,5.61209e-06,-5.74077e-05,-4.21869e-05,0.000150885,0.000510815,0.174587,-9.09273e-10,-0.320987,0.0,0.0,0.0,0.0,0.0,0.0,9.99116e-07,0.00132233,0.0222529,7.32739e-07,9.73853e-05,9.72171e-05,0.000279427,0.0063999,0.00648298,0.00392875,100.005,100.005,0.00171006,2.54334e-11,2.43003e-11,6.20812e-10,2.3009e-06,2.30673e-06,2.30673e-08,0.0,0.0,0.0,0.0,0.0,0.0,0.0,0.0,1179,14.1425,0.0413529,0.32228,0.0,5.45485e-06,0.0797382,0.0,0.0178069,0.0,0.000169,0,0,0,367,0,0,0,0
21840630,0.999584,0.00236618,-0.0224278,-0.0179691,0.373494,-0.102394,-0.0205125,0.182424,-0.200258,-0.981512,1.19541e-05,5.37197e-06,-6.38361e-05,-6.74862e-05,0.000209872,0.00052912,0.174587,-9.09273e-10,-0.320987,0.0,0.0,0.0,0.0,0.0,0.0,1.12409e-06,0.00148833,0.0223963,8.84319e-07,9.6261e-05,9.60462e-05,0.000277581,0.00661447,0.0067437,0.0038643,100.006,100.006,0.00160677,2.4961e-11,2.38686e-11,6.03386e-10,2.27396e-06,2.28005e-06,2.2889e-08,0.0,0.0,0.0,0.0,0.0,0.0,0.0,0.0,1179,14.1426,0.0400845,0.296573,0.0,5.45485e-06,0.0711858,0.0,0.00837601,0.0,0.000183,0,0,0,367,0,0,0,0
22041416,0.999204,0.0141861,-0.0325504,-0.0182068,0.531148,-0.0606687,0.0113384,0.271472,-0.215865,-0.989446,1.22824e-05,5.30315e-06,-7.10828e-05,-5.87792e-05,0.000229432,0.000538295,0.174587,-9.09273e-10,-0.320987,0.0,0.0,0.0,0.0,0.0,0.0,1.1654e-06,0.00138608,0.0210235,1.10708e-06,9.51876e-05,9.49282e-05,0.000272188,0.00664677,0.00692481,0.00408401,100.007,100.007,0.00173333,2.44553e-11,2.34188e-11,5.813e-10,2.24764e-06,2.25372e-06,2.26161e-08,0.0,0.0,0.0,0.0,0.0,0.0,0.0,0.0,1179,14.1427,0.0416332,0.292437,0.0,5.45485e-06,0.00499601,0.0,0.0297944,0.0,0.000167,0,0,0,367,0,0,0,0
22246337,0.999688,0.0145579,-0.00582136,-0.0194553,0.671131,-0.002811,0.0541983,0.405326,-0.216914,-0.986828,1.25038e-05,5.38676e-06,-7.68798e-05,-4.28075e-05,0.000214681,0.000544313,0.174587,-9.09273e-10,-0.320987,0.0,0.0,0.0,0.0,0.0,0.0,1.1667e-06,0.00142704,0.022547,1.18071e-06,9.44809e-05,9.44517e-05,0.000270195,0.00729973,0.00773917,0.00396899,100.009,100.009,0.00162764,2.41768e-11,2.31815e-11,5.64451e-10,2.23138e-06,2.23758e-06,2.23758e-08,0.0,0.0,0.0,0.0,0.0,0.0,0.0,0.0,1179,14.1428,0.040344,0.339908,0.0,5.45485e-06,0.00495333,0.0,0.00321869,0.0,0.000296,0,0,0,367,0,0,0,0
22447093,0.999736,0.0132148,0.00959767,-0.0161656,0.705315,0.0774674,0.0571611,0.545268,-0.195919,-0.983643,1.27644e-05,5.3473e-06,-8.59242e-05,-1.023e-05,0.000231504,0.000555346,0.174587,-9.09273e-10,-0.320987,0.0,0.0,0.0,0.0,0.0,0.0,9.00799e-07,0.00145171,0.0212596,1.2746e-06,9.35731e-05,9.34308e-05,0.00026453,0.00733959,0.00781475,0.00404481,100.01,100.011,0.00168388,2.37244e-11,2.27821e-11,5.43323e-10,2.20839e-06,2.21446e-06,2.21455e-08,0.0,0.0,0.0,0.0,0.0,0.0,0.0,0.0,1179,14.1429,0.0410351,0.39858,0.0,5.45485e-06,0.0659462,0.0,0.0311934,0.0,0.000252,0,0,0,367,0,0,0,0
22648642,0.999688,0.0180776,0.00997329,-0.0140462,0.707627,0.126502,0.051215,0.687535,-0.175807,-0.980037,1.31859e-05,5.31498e-06,-9.28217e-05,-3.31247e-05,0.000249217,0.000561233,0.174587,-9.09273e-10,-0.320987,0.0,0.0,0.0,0.0,0.0,0.0,7.60574e-07,0.00134128,0.0213,1.37525e-06,9.26527e-05,9.25002e-05,0.000262079,0.00734406,0.00780251,0.004234,100.012,100.012,0.00178549,2.33021e-11,2.24035e-11,5.27698e-10,2.18658e-06,2.19274e-06,2.19977e-08,0.0,0.0,0.0,0.0,0.0,0.0,0.0,0.0,1179,14.143,0.042255,0.393589,0.0,5.45485e-06,0.00620708,0.0,0.0244718,0.0,0.000194,0,0,0,367,0,0,0,0
22849486,0.999901,0.00494905,0.00846771,-0.0101291,0.715613,0.192938,0.0427878,0.827933,-0.125971,-0.966702,1.34198e-05,5.26779e-06,-0.000101365,-1.17175e-05,0.000266912,0.000563988,0.174587,-9.09273e-10,-0.320987,0.0,0.0,0.0,0.0,0.0,0.0,6.51013e-07,0.00144727,0.0236387,1.39639e-06,9.19749e-05,9.17109e-05,0.000256461,0.00753539,0.00797545,0.00437362,100.013,100.014,0.00187137,2.29527e-11,2.21039e-11,5.07923e-10,2.16875e-06,2.17525e-06,2.17555e-08,0.0,0.0,0.0,0.0,0.0,0.0,0.0,0.0,1179,14.1431,0.0432593,0.407114,0.0,5.45485e-06,0.0182886,0.0,0.000901919,0.0,0.000245,0,0,0,367,0,0,0,0
23050287,0.999931,0.00109608,0.00771426,-0.00878335,0.713154,0.198179,0.0597299,0.962413,-0.0740418,-0.948399,1.35901e-05,5.1459e-06,-0.000107266,-3.41838e-06,0.000291452,0.000562981,0.174587,-9.09273e-10,-0.320987,0.0,0.0,0.0,0.0,0.0,0.0,5.80109e-07,0.0014163,0.0213194,1.46965e-06,9.11087e-05,9.0773e-05,0.00025268,0.00731555,0.00773477,0.00413965,100.014,100.015,0.00167344,2.25368e-11,2.1733e-11,4.9165e-10,2.14757e-06,2.15554e-06,2.15554e-08,0.0,0.0,0.0,0.0,0.0,0.0,0.0,0.0,1179,14.1432,0.0409077,0.408829,0.0,5.45485e-06,0.00280041,0.0,0.0162703,0.0,0.000246,0,0,0,367,0,0,0,0
23255008,0.999952,-0.00110741,0.00601297,-0.00761325,0.722661,0.200109,0.0365033,1.10206,-0.0168836,-0.938132,1.3868e-05,5.08741e-06,-0.00011551,3.92574e-06,0.000304372,0.000565442,0.174587,-9.09273e-10,-0.320987,0.0,0.0,0.0,0.0,0.0,0.0,5.7598e-07,0.0013996,0.0210555,1.61839e-06,9.048e-05,9.01014e-05,0.000247133,0.00739915,0.00780778,0.00450035,100.016,100.017,0.00195568,2.22152e-11,2.14554e-11,4.73607e-10,2.13159e-06,2.14072e-06,2.14658e-08,0.0,0.0,0.0,0.0,0.0,0.0,0.0,0.0,1179,14.1433,0.044223,0.41699,0.0,5.45485e-06,0.0193004,0.0,0.00576969,0.0,0.000167,0,0,0,367,0,0,0,0
23455846,0.999939,0.00206183,0.00510607,-0.0096274,0.730034,0.191104,0.0445982,1.24048,0.0411787,-0.928383,1.39847e-05,4.98579e-06,-0.000121554,2.17161e-05,0.00032298,0.000565678,0.174587,-9.09273e-10,-0.320987,0.0,0.0,0.0,0.0,0.0,0.0,6.05037e-07,0.00141601,0.0232832,1.84013e-06,8.98895e-05,8.94752e-05,0.000243343,0.00744925,0.00785652,0.00454953,100.017,100.018,0.00197545,2.19057e-11,2.11879e-11,4.58812e-10,2.11658e-06,2.12681e-06,2.13196e-08,0.0,0.0,0.0,0.0,0.0,0.0,0.0,0.0,1179,14.1434,0.044446,0.430751,0.0,5.45485e-06,0.0187247,0.0,0.000922956,0.0,0.000205,0,0,0,367,0,0,0,0
23660682,0.99994,-0.00122102,0.00579091,-0.00920961,0.750125,0.209167,0.0131154,1.39598,0.117757,-0.928468,1.41076e-05,5.01759e-06,-0.000130259,6.36473e-05,0.00031811,0.000570114,0.174587,-9.09273e-10,-0.320987,0.0,0.0,0.0,0.0,0.0,0.0,5.81324e-07,0.00145287,0.0230487,2.04104e-06,8.9135e-05,8.86649e-05,0.000236879,0.00712489,0.00753019,0.00461333,100.018,100.02,0.00201235,2.15074e-11,2.0841e-11,4.40614e-10,2.09865e-06,2.11007e-06,2.11599e-08,0.0,0.0,0.0,0.0,0.0,0.0,0.0,0.0,1179,14.1435,0.0448593,0.457043,0.0,5.45485e-06,0.021538,0.0,0.0128651,0.0,0.000234,0,0,0,367,0,0,0,0
23861487,0.999947,-0.00235603,0.00456356,-0.00887382,0.746214,0.184512,0.0189818,1.53323,0.168505,-0.918993,1.43479e-05,4.84783e-06,-0.000136002,4.31954e-05,0.000345362,0.00056518,0.174587,-9.09273e-10,-0.320987,0.0,0.0,0.0,0.0,0.0,0.0,5.51784e-07,0.00150303,0.0218716,2.14895e-06,8.8535e-05,8.80242e-05,0.000232355,0.00698485,0.00737974,0.00457868,100.019,100.021,0.00197195,2.1203e-11,2.05793e-11,4.25977e-10,2.0838e-06,2.09646e-06,2.09649e-08,0.0,0.0,0.0,0.0,0.0,0.0,0.0,0.0,1179,14.1436,0.0444067,0.460696,0.0,5.45485e-06,0.0365889,0.0,0.0026275,0.0,0.000238,0,0,0,367,0,0,0,0
24263866,0.999983,-0.000301542,0.00346358,-0.00460084,0.781262,0.167491,-0.00928811,1.83764,0.290615,-0.917451,1.47437e-05,4.86916e-06,-0.000150129,4.84607e-05,0.000335554,0.000562106,0.174587,-9.09273e-10,-0.320987,0.0,0.0,0.0,0.0,0.0,0.0,5.02965e-07,0.00142913,0.0194923,2.2686e-06,8.73716e-05,8.67941e-05,0.00021977,0.00652184,0.00691494,0.00431502,100.021,100.023,0.00169121,2.0616e-11,2.00826e-11,3.9395e-10,2.05552e-06,2.07046e-06,2.07046e-08,0.0,0.0,0.0,0.0,0.0,0.0,0.0,0.0,1179,14.1437,0.0411243,0.469445,0.0,5.45485e-06,0.0239251,0.0,0.00372787,0.0,0.000218,0,0,0,367,0,0,0,0
24464532,0.999965,0.00624558,0.00356455,-0.0041964,0.801686,0.179491,-0.023722,1.99338,0.344936,-0.924592,1.49695e-05,4.85704e-06,-0.000156115,4.26314e-05,0.000336624,0.000560973,0.174587,-9.09273e-10,-0.320987,0.0,0.0,0.0,0.0,0.0,0.0,4.98229e-07,0.00136636,0.0185118,2.37499e-06,8.75669e-05,8.69979e-05,0.00021464,0.00811525,0.00849629,0.00424942,100.024,100.027,0.00156334,2.06946e-11,2.01869e-11,3.80474e-10,2.05422e-06,2.07006e-06,2.07006e-08,0.0,0.0,0.0,0.0,0.0,0.0,0.0,0.0,1179,14.1439,0.039539,0.45799,0.0,5.45485e-06,0.0104265,0.0,0.00646748,0.0,7.7e-05,0,0,0,367,0,0,0,0
24665739,0.999965,0.00340236,0.00614067,-0.00449748,0.713133,0.178111,-0.012944,2.03441,0.392918,-0.925762,1.53111e-05,3.56119e-06,-0.000162809,1.35067e-05,0.000570114,0.000554107,0.174587,-9.09273e-10,-0.320987,0.0,0.0,0.0,0.0,0.0,0.0,5.09209e-07,0.00129515,0.01726,2.52178e-06,8.69958e-05,8.63854e-05,0.000208655,0.00776258,0.00812659,0.00450372,100.025,100.028,0.00168987,2.03903e-11,1.99216e-11,3.66231e-10,2.04117e-06,2.05736e-06,2.06344e-08,0.0,0.0,0.0,0.0,0.0,0.0,0.0,0.0,1179,14.144,0.0411081,0.473449,0.0,5.45485e-06,0.0653866,0.0,0.0325931,0.0,0.000498,0,0,0,367,0,0,0,0
24866240,0.999969,0.000636058,0.00344358,-0.0070372,0.753351,0.209775,0.194893,2.21877,0.481793,-0.903215,1.51355e-05,4.06478e-06,-0.000168248,5.86919e-05,0.00046619,0.00055003,0.174587,-9.09273e-10,-0.320987,0.0,0.0,0.0,0.0,0.0,0.0,6.47235e-07,0.00125998,0.0177067,2.72694e-06,8.63074e-05,8.56712e-05,0.000203278,0.00700858,0.00734774,0.00442778,100.026,100.029,0.00162259,2.00508e-11,1.96175e-11,3.53516e-10,2.02636e-06,2.04335e-06,2.04683e-08,0.0,0.0,0.0,0.0,0.0,0.0,0.0,0.0,1179,14.1441,0.0402814,0.493509,0.0,5.45485e-06,0.0344395,0.0,0.00253915,0.0,0.000199,0,0,0,367,0,0,0,0
25071082,0.999863,0.00131538,0.000672166,-0.0164845,0.765786,0.209794,0.744816,2.37786,0.567007,-0.794959,1.51786e-05,4.19126e-06,-0.000175486,6.28867e-05,0.000424703,0.00053988,0.174587,-9.09273e-10,-0.320987,0.0,0.0,0.0,0.0,0.0,0.0,7.80552e-07,0.00124753,0.0198733,3.30883e-06,8.60763e-05,8.54402e-05,0.000194852,0.00753504,0.00785732,0.00407526,100.028,100.031,0.00139376,1.99449e-11,1.95469e-11,3.38237e-10,2.01872e-06,2.03671e-06,2.03671e-08,0.0,0.0,0.0,0.0,0.0,0.0,0.0,0.0,1179,14.1442,0.0373331,0.561506,0.0,5.45485e-06,0.0291456,0.0,0.000848915,0.0,0.00024,0,0,0,367,0,0,0,0
25271860,0.999625,-0.000162576,0.00415265,-0.027076,0.820711,0.207435,0.73106,2.56936,0.648422,-0.643348,1.52805e-05,4.62233e-06,-0.000182218,6.09625e-05,0.000321784,0.000531596,0.174587,-9.09273e-10,-0.320987,0.0,0.0,0.0,0.0,0.0,0.0,8.98432e-07,0.00124172,0.0207412,4.01579e-06,8.53309e-05,8.46706e-05,0.000189828,0.00686522,0.00719893,0.00415865,100.028,100.032,0.00139164,1.96443e-11,1.92844e-11,3.27381e-10,2.00266e-06,2.02137e-06,2.02349e-08,0.0,0.0,0.0,0.0,0.0,0.0,0.0,0.0,1179,14.1443,0.0373047,0.670098,0.0,5.45485e-06,0.0217971,0.0,0.000457518,0.0,0.000218,0,0,0,367,0,0,0,0
25473433,0.999326,0.000437322,0.0188402,-0.0314985,0.834294,0.243957,0.671202,2.77205,0.777795,-0.509408,1.52462e-05,5.10694e-06,-0.000193087,0.000121243,0.000192858,0.000524117,0.174587,-9.09273e-10,-0.320987,0.0,0.0,0.0,0.0,0.0,0.0,1.05759e-06,0.00126823,0.019627,4.62081e-06,8.4604e-05,8.38116e-05,0.000183914,0.00626677,0.00656487,0.00442301,100.028,100.033,0.00154413,1.93917e-11,1.90703e-11,3.15702e-10,1.9847e-06,2.00423e-06,2.00977e-08,0.0,0.0,0.0,0.0,0.0,0.0,0.0,0.0,1179,14.1443,0.0392954,0.846767,0.0,5.45485e-06,0.00086998,0.0,0.00721097,0.0,0.000192,0,0,0,367,0,0,0,0
25674238,0.998932,0.000280671,0.0304329,-0.0347698,0.778514,0.241577,0.705564,2.94119,0.863895,-0.377517,1.54634e-05,5.25221e-06,-0.000200445,0.000127962,0.000146983,0.000521678,0.174587,-9.09273e-10,-0.320987,0.0,0.0,0.0,0.0,0.0,0.0,1.11689e-06,0.00122414,0.0205394,5.02441e-06,8.40332e-05,8.30328e-05,0.000179412,0.0061903,0.00640442,0.00422024,100.029,100.034,0.00143368,1.92445e-11,1.89562e-11,3.06159e-10,1.96792e-06,1.98859e-06,1.99251e-08,0.0,0.0,0.0,0.0,0.0,0.0,0.0,0.0,1179,14.1444,0.0378639,1.009,0.0,5.45485e-06,0.0450646,0.0,0.012746,0.0,0.000197,0,0,64,367,0,0,0,0
25874899,0.999325,-0.00142787,0.0080018,-0.0358187,0.779276,0.273247,0.652252,3.12257,1.00417,-0.2515,1.54165e-05,5.62075e-06,-0.000210721,0.000215987,1.88684e-05,0.000516974,0.174587,-9.09273e-10,-0.320987,0.0,0.0,0.0,0.0,0.0,0.0,1.74158e-06,0.00119268,0.0201535,5.35859e-06,8.27585e-05,8.19514e-05,0.000174012,0.00545455,0.00564366,0.00414206,100.029,100.034,0.00135078,1.90431e-11,1.87928e-11,2.95499e-10,1.94282e-06,1.9643e-06,1.97057e-08,0.0,0.0,0.0,0.0,0.0,0.0,0.0,0.0,1179,14.1444,0.0367529,0.947984,0.0,5.45485e-06,0.0278605,0.0,0.00388863,0.0,5.8e-05,0,0,0,367,0,0,0,0
26280637,0.998899,-0.00119883,-0.0347873,-0.0314518,0.296441,-0.126009,-0.143623,3.35067,1.13695,-0.10346,1.57375e-05,5.57218e-06,-0.000219774,0.000240027,3.8279e-05,0.000525197,0.174587,-9.09273e-10,-0.320987,0.0,0.0,0.0,0.0,0.0,0.0,7.51584e-06,0.00176018,0.0252983,5.41769e-06,8.32672e-05,8.24015e-05,0.000170481,0.00910225,0.00908585,0.00440708,100.035,100.04,0.00130476,1.92297e-11,1.90053e-11,2.81933e-10,0.0,0.0,0.0,0.0,0.0,0.0,0.0,0.0,0.0,0.0,0.0,1179,14.1448,0.0361215,0.980029,0.0,5.45485e-06,0.00807609,0.0,0.0138804,0.0,0.000192,0,0,0,367,0,0,0,0
26686235,0.998653,0.0126034,0.0213971,-0.0455507,-0.0877547,-0.0904753,-0.144491,3.20318,0.980742,-0.137335,1.67372e-05,4.92302e-06,-0.00022111,-0.000127318,-0.000320265,0.000525174,0.174587,-9.09273e-10,-0.320987,0.0,0.0,0.0,0.0,0.0,0.0,2.77501e-06,0.000794981,0.0120169,5.7056e-06,4.97916e-05,4.92238e-05,0.000162352,0.00336352,0.00338051,0.00420413,100.031,100.036,0.0012161,1.78796e-11,1.76991e-11,2.66919e-10,1.91219e-06,1.93403e-06,1.96375e-08,0.0,0.0,0.0,0.0,0.0,0.0,0.0,0.0,1179,14.1445,0.0348726,1.2422,0.0,5.45485e-06,0.06823,0.0,0.00384654,0.0,0.000194,0,0,64,367,0,0,0,0
26891946,0.998762,0.00743701,0.0218003,-0.044091,-0.0936631,-0.174121,-0.114272,3.18795,0.936656,-0.143618,1.67087e-05,3.99248e-06,-0.000219762,-5.8569e-05,0.00036213,0.000524636,0.174587,-9.09273e-10,-0.320987,0.0,0.0,0.0,0.0,0.0,0.0,1.66689e-06,0.00055945,0.00858335,5.29695e-06,3.77662e-05,3.74134e-05,0.000160018,0.0033893,0.00340551,0.00435205,100.031,100.036,0.00130609,1.75402e-11,1.73731e-11,2.60646e-10,1.74618e-06,1.7647e-06,1.96379e-08,0.0,0.0,0.0,0.0,0.0,0.0,0.0,0.0,1179,14.1445,0.0361399,1.22237,0.0,5.45485e-06,0.0828983,0.0,0.000581195,0.0,0.000297,0,0,64,367,0,0,0,0
27092659,0.999013,0.0061971,0.0208741,-0.0387122,0.0,0.0,-0.093185,3.16929,0.918249,-0.142121,1.69651e-05,3.76388e-06,-0.000222803,-0.000353735,0.00052346,0.00052159,0.174587,-9.09273e-10,-0.320987,0.0,0.0,0.0,0.0,0.0,0.0,1.01254e-06,0.000409943,0.00622416,4.7873e-06,3.17273e-05,3.14216e-05,0.000152997,25.0,25.0,0.00412274,0.249374,0.249374,0.00119893,1.74031e-11,1.72363e-11,2.50241e-10,1.42745e-06,1.44113e-06,1.96297e-08,0.0,0.0,0.0,0.0,0.0,0.0,0.0,0.0,1043,0.706221,0.0346255,1.21504,0.0,0.0,0.0897883,0.0,0.00246968,0.0,0.000214,0,0,64,229,0,0,0,0
27297461,0.999282,0.00560487,0.0210855,-0.0309743,0.00341476,-0.0200218,-0.0446464,3.16946,0.917134,-0.112121,1.70937e-05,3.69665e-06,-0.000228752,-0.000354361,0.000471326,0.000509421,0.174587,-9.09273e-10,-0.320987,0.0,0.0,0.0,0.0,0.0,0.0,6.12542e-07,0.000346302,0.00528989,4.31778e-06,3.17904e-05,3.14866e-05,0.000146225,8.22172,8.22173,0.0041787,0.145382,0.145382,0.00123857,1.74969e-11,1.73403e-11,2.39988e-10,1.42741e-06,1.44092e-06,1.96054e-08,0.0,0.0,0.0,0.0,0.0,0.0,0.0,0.0,1043,0.539226,0.0351934,1.19648,0.0,1.71154e-05,0.231768,0.0,0.0547017,0.0,0.000218,0,0,64,229,0,0,0,0
27498304,0.999459,0.00516129,0.0212183,-0.0246015,0.00554675,-0.0316739,-0.00487694,3.16968,0.916066,-0.0831919,1.71996e-05,3.64689e-06,-0.000233005,-0.000336793,0.000431294,0.000495705,0.174587,-9.09273e-10,-0.320987,0.0,0.0,0.0,0.0,0.0,0.0,3.74624e-07,0.000293507,0.00447901,3.93253e-06,3.18635e-05,3.1559e-05,0.00014152,1.70241,1.70242,0.00433677,0.111308,0.111308,0.00137519,1.75944e-11,1.74444e-11,2.32152e-10,1.42714e-06,1.44071e-06,1.95559e-08,0.0,0.0,0.0,0.0,0.0,0.0,0.0,0.0,1043,0.471821,0.0370836,1.17961,0.0,4.42009e-05,0.178365,0.0,0.0264708,0.0,0.000263,0,0,64,229,0,0,0,0
27702870,0.999645,0.00472001,0.0213397,-0.0152415,0.00754904,-0.0457238,0.0236909,3.17008,0.913174,-0.0529234,1.73978e-05,3.59089e-06,-0.000240176,-0.000311514,0.000387166,0.00047955,0.174587,-9.09273e-10,-0.320987,0.0,0.0,0.0,0.0,0.0,0.0,2.30996e-07,0.000282035,0.00391212,3.52795e-06,3.19463e-05,3.16388e-05,0.000135563,0.578912,0.578926,0.00431276,0.0793473,0.0793474,0.00137497,1.76962e-11,1.75526e-11,2.23287e-10,1.42641e-06,1.44038e-06,1.94685e-08,0.0,0.0,0.0,0.0,0.0,0.0,0.0,0.0,1043,0.398365,0.0370805,1.15775,0.0,8.70304e-05,0.110468,0.0,0.00605338,0.0,2.9e-05,0,0,64,229,0,0,0,0
27903970,0.999736,0.00435286,0.0214296,-0.00710953,0.00992657,-0.059101,0.0384132,3.17069,0.909482,-0.0305816,1.75621e-05,3.55212e-06,-0.000245842,-0.000287274,0.000355964,0.000466828,0.174587,-9.09273e-10,-0.320987,0.0,0.0,0.0,0.0,0.0,0.0,1.4698e-07,0.000288046,0.00395836,3.1977e-06,3.20344e-05,3.17175e-05,0.000131333,0.269717,0.269743,0.00431966,0.061954,0.0619546,0.00137037,1.77962e-11,1.76567e-11,2.16496e-10,1.425e-06,1.43981e-06,1.93558e-08,0.0,0.0,0.0,0.0,0.0,0.0,0.0,0.0,1043,0.352006,0.0370186,1.13574,0.0,0.000148,0.0644777,0.0,0.00208317,0.0,0.000317,0,0,64,229,0,0,0,0
28104744,0.999755,0.00392281,0.0214644,0.00383676,0.0112337,-0.0679069,0.0401133,3.17102,0.907136,-0.0158818,1.78061e-05,3.50641e-06,-0.000254249,-0.000262267,0.00031891,0.000453132,0.174587,-9.09273e-10,-0.320987,0.0,0.0,0.0,0.0,0.0,0.0,9.35776e-08,0.000268833,0.00381732,2.85572e-06,3.21255e-05,3.17909e-05,0.000125873,0.130826,0.130865,0.00405835,0.0424914,0.0424924,0.00121414,1.78961e-11,1.77606e-11,2.08795e-10,1.42174e-06,1.43818e-06,1.91837e-08,0.0,0.0,0.0,0.0,0.0,0.0,0.0,0.0,1043,0.29152,0.0348445,1.10623,0.0,0.000243959,0.0338763,0.0,0.000176241,0.0,0.000299,0,0,64,229,0,0,0,0
28306280,0.999676,0.00357475,0.0215012,0.0131441,0.0140544,-0.0823714,0.0366184,3.17207,0.901128,-0.0079015,1.79942e-05,3.47414e-06,-0.000260719,-0.000244825,0.00029116,0.00044356,0.174587,-9.09273e-10,-0.320987,0.0,0.0,0.0,0.0,0.0,0.0,6.34816e-08,0.000273928,0.00382911,2.59683e-06,3.22238e-05,3.18703e-05,0.000123159,0.0865936,0.0866554,0.00418786,0.0384061,0.0384088,0.00126364,1.79995e-11,1.78664e-11,2.03607e-10,1.41786e-06,1.43583e-06,1.90403e-08,0.0,0.0,0.0,0.0,0.0,0.0,0.0,0.0,1043,0.277155,0.0355477,1.08825,0.0,0.000313778,0.0157878,0.0,0.000460463,0.0,0.000239,0,0,64,229,0,0,0,0
28506913,0.999507,0.00324958,0.0215753,0.0225956,0.0183081,-0.094169,0.0303985,3.17339,0.894511,-0.00371733,1.81833e-05,3.44341e-06,-0.000267215,-0.000227011,0.0002615,0.000434057,0.174587,-9.09273e-10,-0.320987,0.0,0.0,0.0,0.0,0.0,0.0,4.50741e-08,0.000265915,0.00365305,2.35548e-06,3.23227e-05,3.1946e-05,0.00012063,0.0630596,0.0631493,0.00428367,0.0349853,0.0349908,0.00131572,1.81009e-11,1.797e-11,1.98706e-10,1.41175e-06,1.43145e-06,1.88859e-08,0.0,0.0,0.0,0.0,0.0,0.0,0.0,0.0,1043,0.26453,0.0362729,1.06302,0.0,0.000427869,0.0104312,0.0,0.000363763,0.0,6.9e-05,0,0,64,229,0,0,0,0
28707940,0.999181,0.00280411,0.0216192,0.034101,0.019094,-0.103016,0.0142275,3.17401,0.891135,-0.00349854,1.84343e-05,3.40468e-06,-0.000275755,-0.000199257,0.000217214,0.000420494,0.174587,-9.09273e-10,-0.320987,0.0,0.0,0.0,0.0,0.0,0.0,3.34272e-08,0.000245397,0.00377704,2.1001e-06,3.24089e-05,3.20007e-05,0.000116649,0.046273,0.0463892,0.00404514,0.028478,0.0284859,0.00119679,1.82009e-11,1.80728e-11,1.92684e-10,1.39957e-06,1.4215e-06,1.86865e-08,0.0,0.0,0.0,0.0,0.0,0.0,0.0,0.0,1043,0.238671,0.0345946,1.03914,0.0,0.000576079,0.00745659,0.0,0.000394232,0.0,0.000292,0,0,64,229,0,0,0,1
29132664,0.998285,0.00220479,0.0218164,0.0542838,0.0208188,-0.119586,0.00158554,3.17551,0.88006,-0.00629905,1.88647e-05,3.34381e-06,-0.000290048,-0.00013328,0.00012389,0.000392248,0.174587,-9.09273e-10,-0.320987,0.0,0.0,0.0,0.0,0.0,0.0,1.33991e-08,0.000116942,0.00185525,1.70695e-06,3.25473e-05,3.20851e-05,0.000111427,0.0365288,0.0367054,0.00397904,0.0244425,0.0244605,0.00118049,1.83867e-11,1.82631e-11,1.83451e-10,1.36592e-06,1.39069e-06,1.83907e-08,0.0,0.0,0.0,0.0,0.0,0.0,0.0,0.0,1043,0.22114,0.0343583,0.990597,0.0,0.000804083,0.0134121,0.0,0.00121415,0.0,0.048898,0,0,0,229,0,0,0,1
29338055,0.997756,0.00196602,0.0218061,0.0632682,0.0202897,-0.126591,-0.000585633,3.17625,0.872924,-0.00728274,1.90392e-05,3.3236e-06,-0.000295715,-9.81878e-05,7.24456e-05,0.000378387,0.174587,-9.09273e-10,-0.320987,0.0,0.0,0.0,0.0,0.0,0.0,8.04965e-09,7.39168e-05,0.00137692,1.53237e-06,3.26034e-05,3.21148e-05,0.000109544,0.0355605,0.0357687,0.00404938,0.0238302,0.0238568,0.00121764,1.84852e-11,1.83635e-11,1.79489e-10,1.34139e-06,1.36696e-06,1.8265e-08,0.0,0.0,0.0,0.0,0.0,0.0,0.0,0.0,1043,0.218374,0.0348947,0.966975,0.0,0.000928948,0.0155022,0.0,0.00144943,0.0,0.048692,0,0,0,229,0,0,0,1
29539018,0.997041,0.00168791,0.0217747,0.0737088,0.0185464,-0.130326,-0.00573736,3.17632,0.866541,-0.00945381,1.92638e-05,3.29813e-06,-0.000302915,-5.07036e-05,6.49186e-06,0.000359473,0.174587,-9.09273e-10,-0.320987,0.0,0.0,0.0,0.0,0.0,0.0,4.89782e-09,4.87781e-05,0.00111427,1.36753e-06,3.26373e-05,3.2123e-05,0.000107161,0.0354934,0.0357253,0.00410062,0.0235337,0.0235701,0.00125013,1.85817e-11,1.84625e-11,1.75056e-10,1.31028e-06,1.33621e-06,1.81476e-08,0.0,0.0,0.0,0.0,0.0,0.0,0.0,0.0,1043,0.217034,0.0353572,0.934096,0.0,0.00104134,0.0199438,0.0,0.00197763,0.0,0.048856,0,0,0,229,0,0,0,1
29743953,0.996361,0.00146411,0.021772,0.0823994,0.0159474,-0.13212,-0.00490381,3.17622,0.860154,-0.00998431,1.94218e-05,3.28656e-06,-0.000307965,-1.28528e-05,-5.81715e-05,0.000344265,0.174587,-9.09273e-10,-0.320987,0.0,0.0,0.0,0.0,0.0,0.0,2.95836e-09,3.28885e-05,0.000902244,1.21811e-06,3.26568e-05,3.21155e-05,0.000105441,0.0361298,0.0363773,0.00419468,0.0238754,0.0239231,0.00130783,1.86813e-11,1.8564e-11,1.71306e-10,1.27303e-06,1.29882e-06,1.80457e-08,0.0,0.0,0.0,0.0,0.0,0.0,0.0,0.0,1043,0.218629,0.0361639,0.919194,0.0,0.00113024,0.0209002,0.0,0.00202723,0.0,0.048991,0,0,0,229,0,0,0,1
29944695,0.995494,0.00122773,0.0217533,0.0922887,0.0117355,-0.130074,-0.00763145,3.17501,0.856307,-0.0114453,1.96264e-05,3.2704e-06,-0.000314421,3.47937e-05,-0.00013447,0.000324179,0.174587,-9.09273e-10,-0.320987,0.0,0.0,0.0,0.0,0.0,0.0,1.81293e-09,2.36001e-05,0.000766386,1.08407e-06,3.26483e-05,3.20811e-05,0.000103154,0.036414,0.0366612,0.00422977,0.0240728,0.0241291,0.0013358,1.87745e-11,1.86596e-11,1.67132e-10,1.23049e-06,1.25576e-06,1.79514e-08,0.0,0.0,0.0,0.0,0.0,0.0,0.0,0.0,1043,0.219549,0.0365486,0.882312,0.0,0.00123642,0.0212173,0.0,0.0019846,0.0,0.048929,0,0,0,229,0,0,0,1
30149457,0.994707,0.00108246,0.0217132,0.100431,0.00802882,-0.125395,-0.00428134,3.17361,0.854737,-0.010963,1.97678e-05,3.26744e-06,-0.000318946,6.87967e-05,-0.000208896,0.000308325,0.174587,-9.09273e-10,-0.320987,0.0,0.0,0.0,0.0,0.0,0.0,1.11735e-09,1.89034e-05,0.000656676,9.66771e-07,3.26145e-05,3.20202e-05,0.000101224,0.0361184,0.0363496,0.00420659,0.0241598,0.0242203,0.00133863,1.88659e-11,1.8753e-11,1.63488e-10,1.18229e-06,1.20667e-06,1.78686e-08,0.0,0.0,0.0,0.0,0.0,0.0,0.0,0.0,1043,0.219955,0.0365873,0.870244,0.0,0.00124892,0.0230741,0.0,0.00214557,0.0,0.048891,0,0,0,229,0,0,0,1
30350258,0.993727,0.000922802,0.0216576,0.109712,0.00257756,-0.112898,-0.00243327,3.17131,0.859801,-0.0100221,1.99488e-05,3.26455e-06,-0.000324705,0.000109212,-0.000300229,0.00028746,0.174587,-9.09273e-10,-0.320987,0.0,0.0,0.0,0.0,0.0,0.0,7.04062e-10,1.53533e-05,0.000594671,8.58534e-07,3.25245e-05,3.18999e-05,9.83371e-05,0.0336569,0.0338465,0.00395697,0.0222563,0.0223085,0.00119501,1.89522e-11,1.88418e-11,1.5911e-10,1.12284e-06,1.14591e-06,1.7781e-08,0.0,0.0,0.0,0.0,0.0,0.0,0.0,0.0,1043,0.211104,0.034569,0.843468,0.0,0.00120484,0.0212772,0.0,0.0018748,0.0,0.048893,0,0,0,229,0,0,0,1
30550889,0.992817,0.000793273,0.0216042,0.117674,-0.00222293,-0.105452,0.0033113,3.16949,0.859172,-0.00886641,2.008e-05,3.26423e-06,-0.000328868,0.000136087,-0.000365745,0.000271788,0.174587,-9.09273e-10,-0.320987,0.0,0.0,0.0,0.0,0.0,0.0,4.55702e-10,1.33496e-05,0.000543205,7.74861e-07,3.25036e-05,3.18572e-05,9.69726e-05,0.0333499,0.0335161,0.00408109,0.0228579,0.0229115,0.0012484,1.90415e-11,1.89331e-11,1.56008e-10,1.07934e-06,1.10139e-06,1.77236e-08,0.0,0.0,0.0,0.0,0.0,0.0,0.0,0.0,1043,0.213938,0.0353327,0.826254,0.0,0.00116581,0.0190115,0.0,0.00157621,0.0,0.048727,0,0,0,229,0,0,0,1
30752761,0.991704,0.000626519,0.0215294,0.126728,-0.00680758,-0.0940529,0.00531054,3.16722,0.864617,-0.00759873,2.02482e-05,3.26459e-06,-0.000334176,0.000167274,-0.000443288,0.000251372,0.174587,-9.09273e-10,-0.320987,0.0,0.0,0.0,0.0,0.0,0.0,3.00955e-10,1.19758e-05,0.000587206,6.9949e-07,3.24326e-05,3.17618e-05,9.45003e-05,0.0308524,0.030979,0.00391753,0.0214629,0.0215071,0.0011558,1.91268e-11,1.90208e-11,1.52084e-10,1.02761e-06,1.04845e-06,1.7657e-08,0.0,0.0,0.0,0.0,0.0,0.0,0.0,0.0,1043,0.207292,0.0339971,0.801267,0.0,0.0011218,0.0161479,0.0,0.00121442,0.0,0.048993,0,0,0,229,0,0,0,1
30953490,0.990683,0.00049477,0.0214714,0.134484,-0.0103732,-0.0870952,0.010406,3.16526,0.865781,-0.00595352,2.03683e-05,3.26773e-06,-0.000338,0.000186491,-0.000498881,0.000236209,0.174587,-9.09273e-10,-0.320987,0.0,0.0,0.0,0.0,0.0,0.0,2.13833e-10,1.14936e-05,0.000629875,6.43508e-07,3.24215e-05,3.17324e-05,9.3117e-05,0.0298968,0.0299986,0.00398197,0.0219195,0.021961,0.00120129,1.92126e-11,1.91084e-11,1.49122e-10,9.89318e-07,1.00926e-06,1.76094e-08,0.0,0.0,0.0,0.0,0.0,0.0,0.0,0.0,1043,0.209477,0.0346597,0.777716,0.0,0.00108326,0.0128406,0.0,0.000832923,0.0,0.048925,0,0,0,229,0,0,0,1
31158332,0.989423,0.0003486,0.0213506,0.143482,-0.0139746,-0.07935,0.0126575,3.16292,0.867109,-0.00512301,2.053e-05,3.26715e-06,-0.000342951,0.000213197,-0.000553749,0.000216583,0.174587,-9.09273e-10,-0.320987,0.0,0.0,0.0,0.0,0.0,0.0,1.58458e-10,1.07422e-05,0.000600878,5.9967e-07,3.24269e-05,3.17221e-05,9.14811e-05,0.0289053,0.0289841,0.0040646,0.0225609,0.0225991,0.00126456,1.93001e-11,1.91982e-11,1.45839e-10,9.54309e-07,9.73479e-07,1.75594e-08,0.0,0.0,0.0,0.0,0.0,0.0,0.0,0.0,1043,0.212509,0.0355607,0.76186,0.0,0.00102934,0.0093903,0.0,0.000456592,0.0,0.048963,0,0,0,229,0,0,0,1
31358893,0.988296,0.000259514,0.0212593,0.151062,-0.0156484,-0.0719421,0.0169224,3.16127,0.869648,-0.00311101,2.06411e-05,3.2731e-06,-0.000346483,0.000227279,-0.000597978,0.000202042,0.174587,-9.09273e-10,-0.320987,0.0,0.0,0.0,0.0,0.0,0.0,1.2419e-10,1.05474e-05,0.000579701,5.70989e-07,3.24367e-05,3.17178e-05,9.01756e-05,0.027535,0.0275926,0.00409242,0.0227303,0.0227632,0.0012957,1.93823e-11,1.92821e-11,1.4307e-10,9.23164e-07,9.41655e-07,1.75181e-08,0.0,0.0,0.0,0.0,0.0,0.0,0.0,0.0,1043,0.213292,0.0359958,0.738489,0.0,0.000968913,0.00773442,0.0,0.000279037,0.0,0.04873,0,0,0,229,0,0,0,1
31563819,0.98695,0.000131601,0.0210902,0.15964,-0.0184943,-0.0653636,0.0174787,3.15941,0.872303,-0.00228105,2.07918e-05,3.27614e-06,-0.000351049,0.00024949,-0.000640482,0.000183212,0.174587,-9.09273e-10,-0.320987,0.0,0.0,0.0,0.0,0.0,0.0,1.00392e-10,1.02474e-05,0.000556374,5.55325e-07,3.24588e-05,3.17287e-05,8.86125e-05,0.0261338,0.0261736,0.00411728,0.022787,0.0228145,0.00132308,1.94621e-11,1.93641e-11,1.40044e-10,8.95924e-07,9.13869e-07,1.74737e-08,0.0,0.0,0.0,0.0,0.0,0.0,0.0,0.0,1043,0.213545,0.0363742,0.714454,0.0,0.000904793,0.00433645,0.0,1.86871e-05,0.0,0.048855,0,0,0,229,0,0,0,1
31764671,0.985716,4.45446e-05,0.0209841,0.167103,-0.0190791,-0.0545846,0.0202413,3.15901,0.878783,-0.000510852,2.08905e-05,3.28891e-06,-0.000354327,0.000256959,-0.000678201,0.000169289,0.174587,-9.09273e-10,-0.320987,0.0,0.0,0.0,0.0,0.0,0.0,9.07849e-11,1.01094e-05,0.000541972,5.51556e-07,3.24466e-05,3.17054e-05,8.68776e-05,0.0233554,0.0233768,0.00387031,0.0208584,0.0208769,0.00118899,1.95339e-11,1.94376e-11,1.37145e-10,8.67079e-07,8.84439e-07,1.74335e-08,0.0,0.0,0.0,0.0,0.0,0.0,0.0,0.0,1043,0.204292,0.0344817,0.696069,0.0,0.000824476,0.00108476,0.0,4.66797e-06,0.0,0.0489,0,0,0,229,0,0,0,1
31969295,0.984238,-9.13149e-05,0.0208747,0.175612,-0.0214038,-0.0493427,0.0217731,3.15743,0.880916,0.000383999,2.10305e-05,3.29553e-06,-0.000358525,0.00027663,-0.000708665,0.000151407,0.174587,-9.09273e-10,-0.320987,0.0,0.0,0.0,0.0,0.0,0.0,8.08915e-11,1.00957e-05,0.000530814,5.62725e-07,3.2503e-05,3.17546e-05,8.56265e-05,0.0223358,0.0223465,0.00394364,0.0210841,0.0210987,0.00123727,1.96128e-11,1.95185e-11,1.34397e-10,8.47585e-07,8.64603e-07,1.73938e-08,0.0,0.0,0.0,0.0,0.0,0.0,0.0,0.0,1043,0.205385,0.0351748,0.672608,0.0,0.00076293,8.84948e-05,0.0,0.000167167,0.0,0.048732,0,0,0,229,0,0,0,1
32170860,0.982906,-0.000190169,0.0208048,0.182931,-0.0228736,-0.0442221,0.0255006,3.15621,0.883249,0.00207523,2.11288e-05,3.30583e-06,-0.000361588,0.00028763,-0.000731225,0.000138184,0.174587,-9.09273e-10,-0.320987,0.0,0.0,0.0,0.0,0.0,0.0,7.74559e-11,1.01581e-05,0.000657248,5.85828e-07,3.25647e-05,3.18107e-05,8.4759e-05,0.0213586,0.0213606,0.00401815,0.0211147,0.0211256,0.00127769,1.96881e-11,1.95952e-11,1.32151e-10,8.31196e-07,8.47924e-07,1.73625e-08,0.0,0.0,0.0,0.0,0.0,0.0,0.0,0.0,1043,0.205524,0.0357448,0.66433,0.0,0.000699813,0.00270943,0.0,0.000144832,0.0,0.048698,0,0,0,165,0,0,0,0
32375807,0.981355,-0.000311704,0.0206682,0.19109,-0.0239087,-0.0399984,0.0256911,3.15488,0.885568,0.00279858,2.12606e-05,3.31624e-06,-0.0003655,0.00030618,-0.0007532,0.000121081,0.174587,-9.09273e-10,-0.320987,0.0,0.0,0.0,0.0,0.0,0.0,7.02175e-11,1.01519e-05,0.000625466,6.20695e-07,3.26266e-05,3.1869e-05,8.35812e-05,0.0204067,0.0204017,0.00404901,0.0210262,0.0210335,0.0013057,1.97569e-11,1.9666e-11,1.29618e-10,8.16755e-07,8.33256e-07,1.73255e-08,0.0,0.0,0.0,0.0,0.0,0.0,0.0,0.0,1043,0.205085,0.0361344,0.640551,0.0,0.000645803,0.00543904,0.0,7.12358e-05,0.0,0.048845,0,0,0,165,0,0,0,0
32576650,0.979925,-0.000463868,0.0205751,0.1983,-0.00112547,-0.0288145,0.0298688,-2.05742e-05,-0.000687751,0.0042202,2.13574e-05,3.32122e-06,-0.000368339,0.000315234,-0.00077468,0.00010859,0.174587,-9.09273e-10,-0.320987,0.0,0.0,0.0,0.0,0.0,0.0,7.0747e-11,1.02159e-05,0.000600189,6.67299e-07,3.26904e-05,3.19315e-05,8.22575e-05,0.000723866,0.000722082,0.00380907,100.0,100.0,0.00117676,1.98224e-11,1.9733e-11,1.27204e-10,8.042e-07,8.20486e-07,1.72941e-08,0.0,0.0,0.0,0.0,0.0,0.0,0.0,0.0,1051,14.1421,0.0343039,0.615307,0.0,0.00059617,0.00898156,0.0,0.00047989,0.0,0.048884,0,0,0,367,0,0,0,0
32781756,0.978268,-0.000669374,0.0201011,0.206366,0.0138552,-0.053305,0.0310775,0.0030902,-0.0112464,0.00509815,2.16724e-05,3.42815e-06,-0.000371808,0.000372129,-0.000732703,9.37918e-05,0.174587,-9.09273e-10,-0.320987,0.0,0.0,0.0,0.0,0.0,0.0,7.93065e-11,1.09132e-05,0.000572633,7.27997e-07,3.24742e-05,3.17342e-05,8.1301e-05,0.000566433,0.000562022,0.0038843,100.0,100.0,0.00122661,1.97749e-11,1.96879e-11,1.24851e-10,7.91963e-07,8.08229e-07,1.72588e-08,0.0,0.0,0.0,0.0,0.0,0.0,0.0,0.0,1051,14.1421,0.035023,0.590627,0.0,0.00059617,0.0111532,0.0,0.000632328,0.0,0.049193,0,0,0,367,0,0,0,0
32982268,0.976776,7.01961e-05,0.0207637,0.213255,0.0132162,-0.0145059,0.0323551,0.00627412,-0.0131344,0.00649193,2.11325e-05,3.62433e-06,-0.000374295,0.000210607,-0.000779136,8.16067e-05,0.174587,-9.09273e-10,-0.320987,0.0,0.0,0.0,0.0,0.0,0.0,7.72583e-11,1.06762e-05,0.000555742,7.97918e-07,3.21005e-05,3.13798e-05,8.06466e-05,0.000783298,0.000778227,0.00393302,100.0,100.0,0.00125757,1.96736e-11,1.95878e-11,1.22926e-10,7.7598e-07,7.91916e-07,1.72318e-08,0.0,0.0,0.0,0.0,0.0,0.0,0.0,0.0,1051,14.1421,0.0354622,0.575985,0.0,0.00059617,0.0121976,0.0,0.00119919,0.0,0.048905,0,0,0,367,0,0,0,0
33182896,0.97502,0.00132416,0.0215318,0.221068,0.0185113,0.0474131,0.0322702,0.0101946,-0.00422163,0.0068224,2.03637e-05,4.02178e-06,-0.000377732,-2.76427e-05,-0.000804435,6.40186e-05,0.174587,-9.09273e-10,-0.320987,0.0,0.0,0.0,0.0,0.0,0.0,7.56303e-11,1.0878e-05,0.000533762,8.78454e-07,3.14991e-05,3.0796e-05,7.9721e-05,0.00077251,0.000766418,0.00395343,100.0,100.0,0.00128025,1.94965e-11,1.94102e-11,1.20734e-10,7.55098e-07,7.70257e-07,1.7197e-08,0.0,0.0,0.0,0.0,0.0,0.0,0.0,0.0,1051,14.1421,0.0357806,0.551687,0.0,0.00059617,0.0136444,0.0,0.000828677,0.0,0.048733,0,0,0,367,0,0,0,0
33387879,0.97346,0.000486854,0.020906,0.227901,0.0140969,0.025794,0.0364255,0.0114333,0.00379042,0.00850762,2.09251e-05,3.84686e-06,-0.00037995,0.000123488,-0.000804605,5.54744e-05,0.174587,-9.09273e-10,-0.320987,0.0,0.0,0.0,0.0,0.0,0.0,7.20919e-11,1.05293e-05,0.000506883,9.7052e-07,3.09224e-05,3.02277e-05,7.90706e-05,0.000705184,0.000695226,0.0039777,99.9999,99.9999,0.00130333,1.93237e-11,1.92364e-11,1.18843e-10,7.35622e-07,7.49854e-07,1.71669e-08,0.0,0.0,0.0,0.0,0.0,0.0,0.0,0.0,1051,14.1421,0.0361017,0.536779,0.0,0.00059617,0.0161681,0.0,0.000983467,0.0,0.048914,0,0,0,367,0,0,0,0
33589298,0.971664,9.43168e-05,0.0203002,0.235493,0.0192233,0.010931,0.0371037,0.015612,0.00177066,0.00848484,2.13495e-05,3.87652e-06,-0.000382968,0.00022091,-0.000768371,4.29187e-05,0.174587,-9.09273e-10,-0.320987,0.0,0.0,0.0,0.0,0.0,0.0,6.87299e-11,1.02526e-05,0.000638201,1.07189e-06,3.03985e-05,2.97448e-05,7.77995e-05,0.000633532,0.000627222,0.00376967,99.9999,99.9999,0.00117921,1.91751e-11,1.9087e-11,1.16534e-10,7.18373e-07,7.32209e-07,1.71319e-08,0.0,0.0,0.0,0.0,0.0,0.0,0.0,0.0,1051,14.1421,0.0343397,0.516062,0.0,0.00059617,0.0185148,0.0,0.0011372,0.0,0.048735,0,0,0,367,0,0,0,0
33794256,0.969929,0.000418324,0.0209506,0.242484,0.00574754,0.0504511,0.0411946,0.0164452,0.0132171,0.0103174,2.09068e-05,3.86583e-06,-0.000385192,0.000114766,-0.000827114,3.20726e-05,0.174587,-9.09273e-10,-0.320987,0.0,0.0,0.0,0.0,0.0,0.0,6.4661e-11,1.01931e-05,0.000620947,1.19079e-06,3.00733e-05,2.94371e-05,7.74562e-05,0.000735771,0.00072892,0.00385634,99.9999,99.9999,0.00123319,1.90849e-11,1.89968e-11,1.14916e-10,7.05477e-07,7.18876e-07,1.71072e-08,0.0,0.0,0.0,0.0,0.0,0.0,0.0,0.0,1051,14.1421,0.0351169,0.496302,0.0,0.00059617,0.0198725,0.0,0.00118525,0.0,0.048893,0,0,0,367,0,0,0,0
33995061,0.968044,0.000344813,0.0212356,0.249881,-0.0102636,0.0728237,0.0421166,0.012968,0.0303226,0.0113564,2.07694e-05,3.75954e-06,-0.000387997,8.90844e-05,-0.000881751,1.88467e-05,0.174587,-9.09273e-10,-0.320987,0.0,0.0,0.0,0.0,0.0,0.0,7.18053e-11,1.08595e-05,0.00058843,1.31369e-06,2.97386e-05,2.9115e-05,7.6795e-05,0.00076162,0.000752636,0.00389572,99.9999,99.9999,0.00126324,1.89899e-11,1.89002e-11,1.13045e-10,6.93466e-07,7.06257e-07,1.70743e-08,0.0,0.0,0.0,0.0,0.0,0.0,0.0,0.0,1051,14.1421,0.0355421,0.472809,0.0,0.00059617,0.0222377,0.0,0.00135017,0.0,0.048898,0,0,0,367,0,0,0,0
34199873,0.966194,0.000994831,0.0227571,0.256809,-0.0477505,0.150193,0.0425608,0.00168534,0.0599099,0.0111012,1.98e-05,3.60994e-06,-0.000390321,-0.00012636,-0.000996443,6.60647e-06,0.174587,-9.09273e-10,-0.320987,0.0,0.0,0.0,0.0,0.0,0.0,7.27791e-11,1.07813e-05,0.000560835,1.44823e-06,2.9348e-05,2.87458e-05,7.60913e-05,0.000624668,0.000615122,0.00369251,99.9998,99.9998,0.00114627,1.88769e-11,1.87839e-11,1.11328e-10,6.80753e-07,6.92838e-07,1.70481e-08,0.0,0.0,0.0,0.0,0.0,0.0,0.0,0.0,1051,14.1421,0.0338566,0.456884,0.0,0.00059617,0.022845,0.0,0.00151042,0.0,0.048911,0,0,0,367,0,0,0,0
34400789,0.964245,0.000313361,0.0211848,0.264165,-0.0223321,0.106308,0.0441875,-0.000981805,0.076673,0.0123122,2.08038e-05,3.79524e-06,-0.000392957,9.15717e-05,-0.000904744,-3.18489e-06,0.174587,-9.09273e-10,-0.320987,0.0,0.0,0.0,0.0,0.0,0.0,6.9481e-11,1.02234e-05,0.000533684,1.59138e-06,2.90633e-05,2.8474e-05,7.55291e-05,0.000632206,0.000620315,0.00376633,99.9998,99.9998,0.00118828,1.87948e-11,1.87018e-11,1.0957e-10,6.70333e-07,6.81989e-07,1.70158e-08,0.0,0.0,0.0,0.0,0.0,0.0,0.0,0.0,1051,14.1421,0.0344714,0.442988,0.0,0.00059617,0.0255418,0.0,0.00156319,0.0,0.049004,0,0,0,367,0,0,0,0
34605407,0.962312,-0.000260609,0.0208842,0.271145,-0.0326835,0.0921298,0.0489415,-0.0076377,0.0925406,0.0143108,2.11584e-05,3.64393e-06,-0.000394973,0.000178654,-0.000930314,-1.15244e-05,0.174587,-9.09273e-10,-0.320987,0.0,0.0,0.0,0.0,0.0,0.0,6.80282e-11,1.03577e-05,0.000519054,1.7554e-06,2.89184e-05,2.8346e-05,7.53288e-05,0.000867759,0.00085734,0.00386612,99.9998,99.9998,0.0012549,1.87611e-11,1.86692e-11,1.0816e-10,6.62529e-07,6.73996e-07,1.69928e-08,0.0,0.0,0.0,0.0,0.0,0.0,0.0,0.0,1051,14.1421,0.0354246,0.42775,0.0,0.00059617,0.0271687,0.0,0.00218566,0.0,0.048841,0,0,0,367,0,0,0,0
34806262,0.960259,-0.00020818,0.0210138,0.27832,-0.0428017,0.11208,0.0490565,-0.0171763,0.116012,0.0137785,2.10659e-05,3.64476e-06,-0.000397435,0.000155564,-0.000945126,-2.25743e-05,0.174587,-9.09273e-10,-0.320987,0.0,0.0,0.0,0.0,0.0,0.0,6.56236e-11,1.02659e-05,0.000512124,1.91782e-06,2.89788e-05,2.84148e-05,7.44987e-05,0.0014854,0.00147643,0.00366014,99.9998,99.9998,0.00114096,1.87975e-11,1.87068e-11,1.0636e-10,6.58769e-07,6.70126e-07,1.69629e-08,0.0,0.0,0.0,0.0,0.0,0.0,0.0,0.0,1051,14.1421,0.0337781,0.396427,0.0,0.00059617,0.0292657,0.0,0.0022369,0.0,0.048899,0,0,1024,367,0,0,0,0
35007842,0.958321,-0.00160758,0.0198865,0.284996,-0.0458621,0.04594,0.0528202,-0.0265613,0.118656,0.0155727,2.20692e-05,3.3695e-06,-0.000399199,0.00038799,-0.000980206,-2.83008e-05,0.174587,-9.09273e-10,-0.320987,0.0,0.0,0.0,0.0,0.0,0.0,7.10412e-11,1.03777e-05,0.00064607,2.09636e-06,2.83213e-05,2.77874e-05,7.42908e-05,0.000780388,0.00077123,0.00370714,99.9999,99.9999,0.00117228,1.85847e-11,1.84933e-11,1.05045e-10,6.42537e-07,6.53273e-07,1.69399e-08,0.0,0.0,0.0,0.0,0.0,0.0,0.0,0.0,1051,14.1421,0.0342386,0.378677,0.0,0.00059617,0.0310101,0.0,0.0018329,0.0,0.04888,0,0,0,367,0,0,0,0
35208610,0.956224,-0.00120207,0.0194635,0.291986,-0.0275148,0.0583712,0.0535887,-0.0318581,0.134148,0.0166806,2.21499e-05,3.72337e-06,-0.000401428,0.000393761,-0.000905553,-3.77451e-05,0.174587,-9.09273e-10,-0.320987,0.0,0.0,0.0,0.0,0.0,0.0,6.9325e-11,1.01068e-05,0.000624317,2.27913e-06,2.81242e-05,2.76125e-05,7.3808e-05,0.000817731,0.0008121,0.00374935,99.9999,99.9999,0.00120274,1.85316e-11,1.84404e-11,1.03464e-10,6.34501e-07,6.44964e-07,1.69093e-08,0.0,0.0,0.0,0.0,0.0,0.0,0.0,0.0,1051,14.1421,0.0346805,0.364465,0.0,0.00059617,0.0334017,0.0,0.00204455,0.0,0.04884,0,0,0,367,0,0,0,0
35413407,0.954233,-0.000794565,0.0193991,0.298432,-0.0197425,0.0799034,0.0552319,-0.0375309,0.152325,0.0180873,2.20371e-05,3.9677e-06,-0.00040301,0.000363411,-0.000859287,-4.44384e-05,0.174587,-9.09273e-10,-0.320987,0.0,0.0,0.0,0.0,0.0,0.0,6.64624e-11,9.95976e-06,0.000600456,2.47874e-06,2.7783e-05,2.72882e-05,7.35863e-05,0.000603272,0.000597694,0.00378244,99.9998,99.9998,0.00123026,1.84242e-11,1.83366e-11,1.02189e-10,6.24194e-07,6.34497e-07,1.68876e-08,0.0,0.0,0.0,0.0,0.0,0.0,0.0,0.0,1051,14.1421,0.0350751,0.337694,0.0,0.00059617,0.0356436,0.0,0.00218307,0.0,0.048842,0,0,0,367,0,0,0,0
35614229,0.952059,-0.00101698,0.0188915,0.305329,-0.0127281,0.069269,0.0581755,-0.0403965,0.164094,0.0192085,2.23475e-05,4.0472e-06,-0.000405056,0.000429486,-0.000843743,-5.29704e-05,0.174587,-9.09273e-10,-0.320987,0.0,0.0,0.0,0.0,0.0,0.0,7.17505e-11,1.04434e-05,0.000574622,2.68189e-06,2.76614e-05,2.71738e-05,7.31535e-05,0.000797479,0.000791839,0.00381199,99.9998,99.9998,0.00125566,1.83922e-11,1.83081e-11,1.00711e-10,6.17735e-07,6.27989e-07,1.68597e-08,0.0,0.0,0.0,0.0,0.0,0.0,0.0,0.0,1051,14.1421,0.0354354,0.316163,0.0,0.00059617,0.0375327,0.0,0.00230262,0.0,0.048866,0,0,0,367,0,0,0,0
35815076,0.950028,-0.000766499,0.019728,0.311539,-0.0387647,0.108281,0.0607087,-0.0512399,0.186341,0.0207478,2.18402e-05,3.92097e-06,-0.000406432,0.000318782,-0.000879148,-5.89443e-05,0.174587,-9.09273e-10,-0.320987,0.0,0.0,0.0,0.0,0.0,0.0,6.89705e-11,1.03847e-05,0.000552502,2.90109e-06,2.73544e-05,2.6884e-05,7.29725e-05,0.000657029,0.000651891,0.00384234,99.9998,99.9998,0.00128051,1.82972e-11,1.82142e-11,9.95008e-11,6.08518e-07,6.18468e-07,1.68379e-08,0.0,0.0,0.0,0.0,0.0,0.0,0.0,0.0,1051,14.1421,0.0357843,0.310383,0.0,0.00059617,0.0396288,0.0,0.00265103,0.0,0.048914,0,0,0,367,0,0,0,0
36019896,0.947596,-0.00170696,0.0185508,0.318929,-0.0242141,0.0566574,0.0599971,-0.0539361,0.192806,0.0195753,2.27156e-05,3.89327e-06,-0.000408621,0.000504551,-0.000886241,-6.65201e-05,0.174587,-9.09273e-10,-0.320987,0.0,0.0,0.0,0.0,0.0,0.0,6.31564e-11,1.00598e-05,0.000537623,3.13166e-06,2.71225e-05,2.66627e-05,7.23471e-05,0.000657154,0.000651925,0.00366988,99.9998,99.9998,0.00117837,1.82258e-11,1.81461e-11,9.79408e-11,6.00295e-07,6.10098e-07,1.68096e-08,0.0,0.0,0.0,0.0,0.0,0.0,0.0,0.0,1051,14.1421,0.0343274,0.291317,0.0,0.00059617,0.0411029,0.0,0.0025239,0.0,0.048934,0,0,0,367,0,0,0,0
36220614,0.945494,-0.00140324,0.0193036,0.325064,-0.0478671,0.0944722,0.0619111,-0.0615174,0.209927,0.0209564,2.22041e-05,3.79899e-06,-0.000409868,0.000395011,-0.000907684,-7.21842e-05,0.174587,-9.09273e-10,-0.320987,0.0,0.0,0.0,0.0,0.0,0.0,6.30032e-11,1.0138e-05,0.00051894,3.37243e-06,2.68578e-05,2.64133e-05,7.22152e-05,0.000595714,0.000591242,0.00370218,99.9998,99.9998,0.00120112,1.81444e-11,1.80667e-11,9.68136e-11,5.92009e-07,6.01598e-07,1.67889e-08,0.0,0.0,0.0,0.0,0.0,0.0,0.0,0.0,1051,14.1421,0.0346572,0.271258,0.0,0.00059617,0.0424443,0.0,0.00293286,0.0,0.048844,0,0,0,367,0,0,0,0
36422209,0.943313,-0.00156398,0.0187246,0.331372,-0.0342403,0.0850141,0.0621826,-0.0688982,0.225951,0.0220907,2.25218e-05,3.95323e-06,-0.000411204,0.000462185,-0.000880027,-7.67298e-05,0.174587,-9.09273e-10,-0.320987,0.0,0.0,0.0,0.0,0.0,0.0,6.42713e-11,1.00826e-05,0.000653076,3.62274e-06,2.66836e-05,2.62488e-05,7.20784e-05,0.0006853,0.000680416,0.00374802,99.9997,99.9997,0.00122947,1.8098e-11,1.80195e-11,9.56855e-11,5.85329e-07,5.94574e-07,1.67671e-08,0.0,0.0,0.0,0.0,0.0,0.0,0.0,0.0,1051,14.1421,0.0350638,0.258486,0.0,0.00059617,0.0437294,0.0,0.00265413,0.0,0.048846,0,0,0,367,0,0,0,0
36623100,0.941002,-0.00195008,0.0174082,0.337947,0.00147326,0.0482629,0.0624268,-0.0667247,0.230586,0.023037,2.32614e-05,4.245e-06,-0.000412743,0.000618862,-0.00083153,-8.18692e-05,0.174587,-9.09273e-10,-0.320987,0.0,0.0,0.0,0.0,0.0,0.0,7.03209e-11,1.07255e-05,0.000629703,3.87505e-06,2.66211e-05,2.61943e-05,7.17347e-05,0.000985777,0.000981849,0.0037908,99.9997,99.9997,0.0012579,1.80875e-11,1.80117e-11,9.43747e-11,5.8036e-07,5.89546e-07,1.67402e-08,0.0,0.0,0.0,0.0,0.0,0.0,0.0,0.0,1051,14.1421,0.0354669,0.233459,0.0,0.00059617,0.0441497,0.0,0.00262709,0.0,0.048937,0,0,2048,367,0,0,0,0
36827879,0.938811,-0.00221057,0.0175604,0.343977,-0.0111586,0.0498284,0.0618231,-0.0725482,0.243922,0.0214851,2.32565e-05,4.09523e-06,-0.000413765,0.000613264,-0.000867437,-8.48262e-05,0.174587,-9.09273e-10,-0.320987,0.0,0.0,0.0,0.0,0.0,0.0,6.86369e-11,1.04457e-05,0.000607152,4.14156e-06,2.61316e-05,2.57215e-05,7.13714e-05,0.00049558,0.000491203,0.0035917,99.9997,99.9997,0.00113923,1.79267e-11,1.78539e-11,9.31923e-11,5.69078e-07,5.77999e-07,1.67196e-08,0.0,0.0,0.0,0.0,0.0,0.0,0.0,0.0,1051,14.1421,0.0337525,0.221928,0.0,0.00059617,0.0456169,0.0,0.00278125,0.0,0.048915,0,0,0,367,0,0,0,0
37028619,0.936442,-0.00227492,0.0180605,0.35035,-0.0364149,0.0669547,0.0630382,-0.0822038,0.257867,0.0223185,2.29976e-05,3.89551e-06,-0.000415157,0.000556603,-0.000906678,-9.09416e-05,0.174587,-9.09273e-10,-0.320987,0.0,0.0,0.0,0.0,0.0,0.0,6.89181e-11,1.03139e-05,0.000584619,4.41304e-06,2.62219e-05,2.58159e-05,7.10648e-05,0.00107647,0.00107314,0.0036327,99.9997,99.9997,0.00116695,1.79706e-11,1.78996e-11,9.19498e-11,5.66523e-07,5.75419e-07,1.66935e-08,0.0,0.0,0.0,0.0,0.0,0.0,0.0,0.0,1051,14.1421,0.0341606,0.202324,0.0,0.00059617,0.0463352,0.0,0.0028441,0.0,0.048853,0,0,1024,367,0,0,0,0
37233303,0.934097,-0.00276888,0.0172395,0.356592,-0.0172178,0.0370161,0.0655178,-0.0856132,0.262963,0.0240074,2.35444e-05,3.9906e-06,-0.000416152,0.000668705,-0.000902268,-9.33612e-05,0.174587,-9.09273e-10,-0.320987,0.0,0.0,0.0,0.0,0.0,0.0,6.98514e-11,1.05447e-05,0.000565793,4.71909e-06,2.59007e-05,2.55101e-05,7.10524e-05,0.000937974,0.000934975,0.00370523,99.9997,99.9997,0.00121733,1.78719e-11,1.78012e-11,9.09586e-11,5.58017e-07,5.66578e-07,1.66736e-08,0.0,0.0,0.0,0.0,0.0,0.0,0.0,0.0,1051,14.1421,0.0348902,0.187699,0.0,0.00059617,0.0477038,0.0,0.00293448,0.0,0.04874,0,0,0,367,0,0,0,0
37434467,0.931698,-0.00260465,0.0171954,0.362818,-0.0131869,0.0499809,0.0641781,-0.0888528,0.273157,0.0224496,2.34632e-05,4.12186e-06,-0.000417353,0.000655634,-0.000875551,-9.76584e-05,0.174587,-9.09273e-10,-0.320987,0.0,0.0,0.0,0.0,0.0,0.0,6.51043e-11,1.03114e-05,0.000540082,5.00358e-06,2.55857e-05,2.52104e-05,7.05719e-05,0.000759798,0.000757461,0.00354196,99.9998,99.9998,0.00111449,1.77741e-11,1.7706e-11,8.96821e-11,5.49774e-07,5.58144e-07,1.66477e-08,0.0,0.0,0.0,0.0,0.0,0.0,0.0,0.0,1051,14.1421,0.0333839,0.167306,0.0,0.00059617,0.0475973,0.0,0.00282778,0.0,0.049088,0,0,0,367,0,0,0,0
37634886,0.929311,-0.00175466,0.0179968,0.368856,-0.0306915,0.108431,0.0654788,-0.101302,0.301724,0.0235736,2.27415e-05,4.24872e-06,-0.000418452,0.000516302,-0.000827813,-0.00010278,0.174587,-9.09273e-10,-0.320987,0.0,0.0,0.0,0.0,0.0,0.0,6.85728e-11,1.05436e-05,0.000525055,5.31376e-06,2.54171e-05,2.50494e-05,7.0492e-05,0.000839306,0.000836821,0.00360652,99.9998,99.9997,0.00115354,1.77318e-11,1.76641e-11,8.8704e-11,5.43854e-07,5.51998e-07,1.66273e-08,0.0,0.0,0.0,0.0,0.0,0.0,0.0,0.0,1051,14.1421,0.0339638,0.144161,0.0,0.00059617,0.0488117,0.0,0.00295592,0.0,0.048723,0,0,0,367,0,0,0,0
37836673,0.926965,-0.00200054,0.018608,0.374681,-0.0632796,0.123481,0.0673904,-0.116295,0.326231,0.0248426,2.2483e-05,3.93526e-06,-0.000419276,0.000455749,-0.00088436,-0.00010604,0.174587,-9.09273e-10,-0.320987,0.0,0.0,0.0,0.0,0.0,0.0,6.74361e-11,1.02599e-05,0.000673234,5.62007e-06,2.52533e-05,2.48888e-05,7.01869e-05,0.000955229,0.000951595,0.00364503,99.9998,99.9998,0.00118514,1.76867e-11,1.76214e-11,8.75409e-11,5.37914e-07,5.45951e-07,1.66021e-08,0.0,0.0,0.0,0.0,0.0,0.0,0.0,0.0,1051,14.1421,0.0344259,0.135742,0.0,0.00059617,0.0506857,0.0,0.00302191,0.0,0.048903,0,0,0,367,0,0,0,0
38037453,0.924584,-0.00218405,0.0174481,0.380573,-0.0238681,0.101572,0.0677349,-0.11714,0.342091,0.025913,2.30617e-05,4.2833e-06,-0.000420117,0.000579787,-0.000836122,-0.00010739,0.174587,-9.09273e-10,-0.320987,0.0,0.0,0.0,0.0,0.0,0.0,7.04947e-11,1.04699e-05,0.000648183,5.95063e-06,2.51569e-05,2.47989e-05,7.01422e-05,0.00119446,0.00119064,0.0036963,99.9999,99.9998,0.00122092,1.76685e-11,1.76036e-11,8.66282e-11,5.33141e-07,5.40985e-07,1.65829e-08,0.0,0.0,0.0,0.0,0.0,0.0,0.0,0.0,1051,14.1421,0.0349417,0.120352,0.0,0.00059617,0.0504901,0.0,0.00310313,0.0,0.04889,0,0,1024,367,0,0,0,0
38238246,0.922152,-0.00228216,0.0173854,0.386431,-0.0251387,0.105537,0.0682512,-0.123052,0.362367,0.0267853,2.30865e-05,4.28237e-06,-0.000420922,0.000584486,-0.000838426,-0.000109911,0.174587,-9.09273e-10,-0.320987,0.0,0.0,0.0,0.0,0.0,0.0,6.96847e-11,1.05677e-05,0.000608971,6.27666e-06,2.54127e-05,2.50533e-05,6.98847e-05,0.00220664,0.00220394,0.00374034,100.0,100.0,0.00125483,1.77717e-11,1.77078e-11,8.55352e-11,5.33094e-07,5.40969e-07,1.65587e-08,0.0,0.0,0.0,0.0,0.0,0.0,0.0,0.0,1051,14.1421,0.0354236,0.102558,0.0,0.00059617,0.0513589,0.0,0.00312742,0.0,0.048883,0,0,1024,367,0,0,0,0
38439008,0.919719,-0.003381,0.0171065,0.39219,-0.0371303,0.0632597,0.0656002,-0.135036,0.367346,0.0245904,2.35746e-05,3.92639e-06,-0.000421597,0.000663502,-0.000928509,-0.000110755,0.174587,-9.09273e-10,-0.320987,0.0,0.0,0.0,0.0,0.0,0.0,6.09175e-11,1.02083e-05,0.000583711,6.62042e-06,2.45446e-05,2.42123e-05,6.96607e-05,0.000818753,0.000815478,0.00354361,100.0,99.9999,0.00113884,1.7486e-11,1.74252e-11,8.45926e-11,5.1826e-07,5.25719e-07,1.65401e-08,0.0,0.0,0.0,0.0,0.0,0.0,0.0,0.0,1051,14.1421,0.0337467,0.0888065,0.0,0.00059617,0.0522079,0.0,0.00321625,0.0,0.048845,0,0,0,367,0,0,0,0
